player,Batsmen_score2,Name
RG Sharma (INDIA),120.174892,RG Sharma
SR Tendulkar (INDIA),113.53787,SR Tendulkar
MJ Guptill (NZ),105.671862,MJ Guptill
CH Gayle (ICC/WI),101.841688,CH Gayle
MS Dhoni (Asia/INDIA),100.8824587,MS Dhoni
KC Sangakkara (Asia/ICC/SL),99.335004,KC Sangakkara
V Sehwag (Asia/ICC/INDIA),98.443324,V Sehwag
SC Ganguly (Asia/INDIA),96.271494,SC Ganguly
ST Jayasuriya (Asia/SL),96.067422,ST Jayasuriya
V Kohli (INDIA),94.259752,V Kohli
RT Ponting (AUS/ICC),92.885388,RT Ponting
Saeed Anwar (PAK),91.654418,Saeed Anwar
IVA Richards (WI),91.29191,IVA Richards
LRPL Taylor (NZ),90.373312,LRPL Taylor
AB de Villiers (Afr/SA),90.056472,AB de Villiers
G Kirsten (SA),89.320522,G Kirsten
BC Lara (ICC/WI),88.565124,BC Lara
R Dravid (Asia/ICC/INDIA),88.396864,R Dravid
Fakhar Zaman (PAK),87.273746,Fakhar Zaman
F du Plessis (SA),86.326404,F du Plessis
AC Gilchrist (AUS/ICC),85.45674,AC Gilchrist
JH Kallis (Afr/ICC/SA),85.190774,JH Kallis
ME Waugh (AUS),85.10734,ME Waugh
SR Watson (AUS),84.95957,SR Watson
ML Hayden (AUS/ICC),83.922528,ML Hayden
Inzamam-ul-Haq (Asia/PAK),82.761576,Inzamam-ul-Haq
DPMD Jayawardene (Asia/SL),82.203122,DPMD Jayawardene
M Azharuddin (INDIA),82.00383,M Azharuddin
TM Dilshan (SL),81.668718,TM Dilshan
HH Gibbs (SA),81.339904,HH Gibbs
S Chanderpaul (WI),80.700512,S Chanderpaul
WU Tharanga (Asia/SL),80.490594,WU Tharanga
DL Haynes (WI),80.4720362,DL Haynes
H Masakadza (ZIM),79.787134,H Masakadza
Q de Kock (SA),79.166152,Q de Kock
PA de Silva (SL),79.037184,PA de Silva
DA Warner (AUS),78.566274,DA Warner
Mohammad Yousuf (Asia/PAK),78.084912,Mohammad Yousuf
Yuvraj Singh (Asia/INDIA),77.938746,Yuvraj Singh
HM Amla (SA),77.719444,HM Amla
PR Stirling (IRE),77.151534,PR Stirling
JJ Roy (ENG),76.892138,JJ Roy
CK Coventry (ZIM),76.7887522,CK Coventry
BB McCullum (NZ),75.883518,BB McCullum
Tamim Iqbal (BDESH),75.765476,Tamim Iqbal
N Kapil Dev (INDIA),75.019324,N Kapil Dev
A Flower (ZIM),74.97135,A Flower
EJG Morgan (ENG/IRE),74.943724,EJG Morgan
DM Jones (AUS),73.67171,DM Jones
SD Hope (WI),73.560756,SD Hope
SPD Smith (AUS),73.14977,SPD Smith
A Symonds (AUS),73.027552,A Symonds
MS Atapattu (SL),72.58897,MS Atapattu
MJ Clarke (AUS),72.56347,MJ Clarke
KS Williamson (NZ),72.493936,KS Williamson
Shoaib Malik (PAK),72.37198,Shoaib Malik
AD Hales (ENG),72.287394,AD Hales
E Lewis (WI),72.148386,E Lewis
DR Martyn (AUS),72.064244,DR Martyn
Younis Khan (PAK),71.98674,Younis Khan
JD Campbell (WI),71.571524,JD Campbell
RA Smith (ENG),71.455362,RA Smith
GM Turner (NZ),71.4042002,GM Turner
L Vincent (NZ),71.3122762,L Vincent
GC Smith (Afr/SA),70.948914,GC Smith
NJ Astle (NZ),70.7678362,NJ Astle
AJ Strauss (ENG),70.704448,AJ Strauss
G Gambhir (INDIA),70.571906,G Gambhir
Mushfiqur Rahim (BDESH),70.570184,Mushfiqur Rahim
D Ramdin (WI),70.3731902,D Ramdin
JP Duminy (SA),70.221792,JP Duminy
AD Mathews (SL),70.10743,AD Mathews
Shakib Al Hasan (BDESH),70.030312,Shakib Al Hasan
A Ranatunga (SL),69.712848,A Ranatunga
BRM Taylor (ZIM),69.3641962,BRM Taylor
GJ Bailey (AUS),69.230544,GJ Bailey
CB Wishart (ZIM),69.1740322,CB Wishart
SP Fleming (ICC/NZ),68.918222,SP Fleming
GW Flower (ZIM),68.868098,GW Flower
AC Hudson (SA),68.6994782,AC Hudson
EC Joyce (ENG/IRE),68.676284,EC Joyce
MV Boucher (Afr/SA),68.447452,MV Boucher
L Ronchi (AUS/NZ),68.362814,L Ronchi
AJ Finch (AUS),68.210836,AJ Finch
Ijaz Ahmed (PAK),68.2015862,Ijaz Ahmed
Mohammad Hafeez (PAK),67.648568,Mohammad Hafeez
IR Bell (ENG),67.586732,IR Bell
JC Buttler (ENG),67.04721,JC Buttler
DJ Callaghan (SA),66.9575782,DJ Callaghan
DI Gower (ENG),66.655404,DI Gower
S Dhawan (INDIA),66.586608,S Dhawan
Javed Miandad (PAK),65.929798,Javed Miandad
SB Styris (NZ),65.822144,SB Styris
JE Root (ENG),65.505958,JE Root
Imran Nazir (PAK),65.2198802,Imran Nazir
SE Marsh (AUS),65.121212,SE Marsh
SR Waugh (AUS),65.057158,SR Waugh
AR Border (AUS),64.82129,AR Border
CG Greenidge (WI),64.3299722,CG Greenidge
D Mongia (INDIA),64.289516,D Mongia
GA Gooch (ENG),64.15897,GA Gooch
JAH Marshall (NZ),64.135096,JAH Marshall
NS Sidhu (INDIA),64.097962,NS Sidhu
RB Richardson (WI),63.975914,RB Richardson
MN Samuels (WI),63.744612,MN Samuels
Imam-ul-Haq (PAK),63.086804,Imam-ul-Haq
Aamer Sohail (PAK),62.7833722,Aamer Sohail
KJ O'Brien (IRE),62.7590902,KJ O'Brien
Imrul Kayes (BDESH),62.504314,Imrul Kayes
MG Bevan (AUS),62.432364,MG Bevan
Sharjeel Khan (PAK),62.322436,Sharjeel Khan
HDRL Thirimanne (SL),62.286348,HDRL Thirimanne
IJL Trott (ENG),62.010648,IJL Trott
SC Williams (ZIM),62.0070382,SC Williams
RR Sarwan (WI),61.9729662,RR Sarwan
XM Marshall (USA/WI),61.8158402,XM Marshall
ADR Campbell (ZIM),61.7430542,ADR Campbell
Sikandar Raza (ZIM),61.702802,Sikandar Raza
Shahid Afridi (Asia/ICC/PAK),61.616744,Shahid Afridi
JN Rhodes (SA),61.3878922,JN Rhodes
ME Trescothick (ENG),61.261022,ME Trescothick
DC Boon (AUS),61.247272,DC Boon
DA Miller (SA),61.029594,DA Miller
JM Bairstow (ENG),60.906512,JM Bairstow
KP Pietersen (ENG/ICC),60.72463,KP Pietersen
A Balbirnie (IRE),60.5124242,A Balbirnie
AN Cook (ENG),60.437534,AN Cook
WTS Porterfield (IRE),60.196114,WTS Porterfield
MP Stoinis (AUS),60.080592,MP Stoinis
SW Ambris (WI),60.0763082,SW Ambris
CZ Harris (NZ),59.9594682,CZ Harris
Mahmudullah (BDESH),59.844262,Mahmudullah
SM Pollock (Afr/ICC/SA),59.785142,SM Pollock
GS Chappell (AUS),59.780816,GS Chappell
TWM Latham (NZ),59.499522,TWM Latham
DL Houghton (ZIM),59.4882562,DL Houghton
MEK Hussey (AUS),59.323108,MEK Hussey
GA Hick (ENG),59.1683,GA Hick
SK Raina (INDIA),59.167552,SK Raina
WJ Cronje (SA),59.107314,WJ Cronje
HH Dippenaar (Afr/SA),59.0284002,HH Dippenaar
NLTC Perera (SL),58.997352,NLTC Perera
A Jadeja (INDIA),58.934114,A Jadeja
RS Mahanama (SL),58.4917242,RS Mahanama
RJ Nicol (NZ),58.479436,RJ Nicol
PD Collingwood (ENG),58.397646,PD Collingwood
NV Knight (ENG),58.107788,NV Knight
GR Marsh (AUS),58.092168,GR Marsh
MDKJ Perera (SL),57.967104,MDKJ Perera
Salman Butt (PAK),57.944868,Salman Butt
CWJ Athey (ENG),57.661356,CWJ Athey
Rameez Raja (PAK),57.1883862,Rameez Raja
CR Ervine (ZIM),57.110452,CR Ervine
CL Hooper (WI),57.1028922,CL Hooper
JM How (NZ),57.032634,JM How
SO Hetmyer (WI),56.93105,SO Hetmyer
K Srikkanth (INDIA),56.928384,K Srikkanth
Saleem Elahi (PAK),56.9134822,Saleem Elahi
Mohammad Shahzad (AFG),56.820656,Mohammad Shahzad
Babar Azam (PAK),56.745178,Babar Azam
DJ Cullinan (SA),56.6544922,DJ Cullinan
Haris Sohail (PAK),56.581998,Haris Sohail
Saleem Malik (PAK),56.556074,Saleem Malik
PJ Hughes (AUS),56.379994,PJ Hughes
NC Johnson (ZIM),56.343224,NC Johnson
AJ Lamb (ENG),56.168484,AJ Lamb
ND McKenzie (SA),55.9827722,ND McKenzie
MD Gunathilaka (SL),55.944018,MD Gunathilaka
VVS Laxman (INDIA),55.688876,VVS Laxman
DL Amiss (ENG),55.656808,DL Amiss
DA Gunawardene (SL),55.6466342,DA Gunawardene
CD McMillan (NZ),55.425658,CD McMillan
MD Crowe (NZ),55.376414,MD Crowe
A Flintoff (ENG/ICC),55.358548,A Flintoff
AJ Stewart (ENG),55.236208,AJ Stewart
RR Rossouw (SA),55.1749802,RR Rossouw
DM Bravo (WI),55.173764,DM Bravo
CL Cairns (ICC/NZ),55.07904,CL Cairns
Abdul Razzaq (Asia/PAK),55.00634,Abdul Razzaq
WW Hinds (WI),54.8208922,WW Hinds
MA Atherton (ENG),54.729924,MA Atherton
Yasir Hameed (PAK),54.4939742,Yasir Hameed
Zaheer Abbas (PAK),54.2939542,Zaheer Abbas
KWR Fletcher (ENG),54.2119882,KWR Fletcher
DS Lehmann (AUS),54.168604,DS Lehmann
TM Head (AUS),54.101346,TM Head
Soumya Sarkar (BDESH),54.094702,Soumya Sarkar
PV Simmons (WI),54.046824,PV Simmons
AT Rayudu (INDIA),53.923742,AT Rayudu
Misbah-ul-Haq (PAK),53.66598,Misbah-ul-Haq
Basit Ali (PAK),53.5814982,Basit Ali
N Boje (Afr/SA),53.5576342,N Boje
Ahmed Shehzad (PAK),53.437766,Ahmed Shehzad
CJ Anderson (NZ),53.2125,CJ Anderson
LMP Simmons (WI),53.059926,LMP Simmons
MM Ali (ENG),52.936376,MM Ali
HM Nicholls (NZ),52.8334942,HM Nicholls
AP Gurusinha (SL),52.7942482,AP Gurusinha
Kamran Akmal (PAK),52.71713,Kamran Akmal
E Chigumbura (Afr/ZIM),52.7067422,E Chigumbura
Shahriar Nafees (BDESH),52.67029,Shahriar Nafees
Nawroz Mangal (AFG),52.5832862,Nawroz Mangal
RP Arnold (SL),52.3170082,RP Arnold
J Charles (WI),52.288814,J Charles
Shoaib Mohammad (PAK),52.201466,Shoaib Mohammad
RL Powell (WI),52.0105822,RL Powell
LD Chandimal (SL),51.96676,LD Chandimal
RL Dias (SL),51.7677442,RL Dias
AM Rahane (INDIA),51.745796,AM Rahane
V Sibanda (Afr/ZIM),51.728852,V Sibanda
KC Wessels (AUS/SA),51.5729202,KC Wessels
NH Fairbrother (ENG),51.4159822,NH Fairbrother
BM McMillan (SA),51.2069782,BM McMillan
Mohammad Nabi (AFG),51.180626,Mohammad Nabi
KM Jadhav (INDIA),51.168596,KM Jadhav
H Klaasen (SA),50.999876,H Klaasen
Rahmat Shah (AFG),50.8958642,Rahmat Shah
N Hussain (ENG),50.879018,N Hussain
M Kaif (INDIA),50.704516,M Kaif
SV Carlisle (ZIM),50.5733042,SV Carlisle
RJ Shastri (INDIA),50.390424,RJ Shastri
MA Taylor (AUS),50.3766942,MA Taylor
SM Gavaskar (INDIA),50.340504,SM Gavaskar
L Klusener (SA),50.262748,L Klusener
CA Ingram (SA),50.15942,CA Ingram
YK Pathan (INDIA),50.10248,YK Pathan
KA Pollard (WI),50.070964,KA Pollard
DB Vengsarkar (INDIA),50.00385,DB Vengsarkar
BJ Haddin (AUS),49.951018,BJ Haddin
GD Elliott (NZ),49.887526,GD Elliott
T Taibu (Afr/ZIM),49.819514,T Taibu
BJ Hodge (AUS),49.8068,BJ Hodge
SB Smith (AUS),49.790912,SB Smith
Imran Khan (PAK),49.623142,Imran Khan
Liton Das (BDESH),49.56317,Liton Das
MS Chapman (HKG/NZ),49.5622202,MS Chapman
N Pooran (WI),49.535154,N Pooran
MW Gatting (ENG),49.5019242,MW Gatting
GM Wood (AUS),49.47081,GM Wood
Mohammad Ashraful (Asia/BDESH),49.368946,Mohammad Ashraful
NJ O'Brien (IRE),49.302912,NJ O'Brien
Mohsin Khan (PAK),49.272014,Mohsin Khan
AL Logie (WI),49.1285702,AL Logie
N Dickwella (SL),49.098772,N Dickwella
CT Radley (ENG),49.081024,CT Radley
MS Sinclair (NZ),49.064086,MS Sinclair
JP Faulkner (AUS),49.003622,JP Faulkner
KR Rutherford (NZ),48.98497,KR Rutherford
W Larkins (ENG),48.980656,W Larkins
GC Wilson (IRE),48.938304,GC Wilson
DD Ebrahim (ZIM),48.8557202,DD Ebrahim
SW Billings (ENG),48.853672,SW Billings
DJ Hussey (AUS),48.79694,DJ Hussey
DJ Bravo (WI),48.673802,DJ Bravo
BA Stokes (ENG),48.653798,BA Stokes
KA Edwards (WI),48.6365982,KA Edwards
CB Lambert (USA/WI),48.4819782,CB Lambert
Anamul Haque (BDESH),48.329262,Anamul Haque
MJ Greatbatch (NZ),48.2119302,MJ Greatbatch
Fawad Alam (PAK),48.072076,Fawad Alam
VG Kambli (INDIA),48.03953,VG Kambli
RG Twose (NZ),48.0230822,RG Twose
PSP Handscomb (AUS),47.898196,PSP Handscomb
Umar Akmal (PAK),47.87046,Umar Akmal
BM Laird (AUS),47.8617002,BM Laird
AC Parore (NZ),47.7776382,AC Parore
Mohammad Rizwan (PAK),47.755358,Mohammad Rizwan
HP Tillakaratne (SL),47.5551882,HP Tillakaratne
PG Fulton (NZ),47.478592,PG Fulton
MW Goodwin (ZIM),47.409496,MW Goodwin
Usman Ghani (AFG),47.3561142,Usman Ghani
AC Voges (AUS),47.309562,AC Voges
Noor Ali Zadran (AFG),47.1985962,Noor Ali Zadran
SV Manjrekar (INDIA),47.142706,SV Manjrekar
Asif Mujtaba (PAK),47.1093062,Asif Mujtaba
Sarfaraz Ahmed (PAK),47.066802,Sarfaraz Ahmed
Nasir Jamshed (PAK),46.999546,Nasir Jamshed
RS Morton (WI),46.9846982,RS Morton
AD Brown (ENG),46.950874,AD Brown
GJ Maxwell (AUS),46.92449,GJ Maxwell
KL Rahul (INDIA),46.903354,KL Rahul
Alok Kapali (BDESH),46.8817982,Alok Kapali
RS Kaluwitharana (SL),46.7940442,RS Kaluwitharana
JG Wright (NZ),46.753676,JG Wright
D Lloyd (ENG),46.7288362,D Lloyd
LPC Silva (SL),46.72159,LPC Silva
OA Shah (ENG),46.648938,OA Shah
Imran Farhat (PAK),46.5983562,Imran Farhat
M Prabhakar (INDIA),46.4851722,M Prabhakar
T Bavuma (SA),46.47016,T Bavuma
CL White (AUS),46.309228,CL White
JP Bray (IRE),46.1479982,JP Bray
BC Broad (ENG),46.107672,BC Broad
UT Khawaja (AUS),46.086172,UT Khawaja
SG Law (AUS),46.045612,SG Law
RS Bopara (ENG),45.996026,RS Bopara
DAS Gunaratne (SL),45.980724,DAS Gunaratne
Majid Khan (PAK),45.9091922,Majid Khan
CH Lloyd (WI),45.888744,CH Lloyd
SM Katich (AUS),45.856568,SM Katich
TD Paine (AUS),45.847892,TD Paine
SC Williams (WI),45.8448882,SC Williams
Abid Ali (PAK),45.804902,Abid Ali
M Amarnath (INDIA),45.7950462,M Amarnath
WV Raman (INDIA),45.7366302,WV Raman
SL Campbell (WI),45.662708,SL Campbell
BKG Mendis (SL),45.562672,BKG Mendis
Najibullah Zadran (AFG),45.507894,Najibullah Zadran
AB Barath (WI),45.390056,AB Barath
Karim Sadiq (AFG),45.2666382,Karim Sadiq
AH Jones (NZ),45.242636,AH Jones
G Boycott (ENG),45.14405,G Boycott
MR Marsh (AUS),45.050754,MR Marsh
SF Mire (ZIM),45.0367122,SF Mire
JDP Oram (NZ),44.872966,JDP Oram
Naved Latif (PAK),44.838108,Naved Latif
Azhar Ali (PAK),44.75209,Azhar Ali
NT Broom (NZ),44.7378342,NT Broom
JD Ryder (NZ),44.58458,JD Ryder
HJH Marshall (NZ),44.5635142,HJH Marshall
Rajin Saleh (BDESH),44.4933302,Rajin Saleh
Craig Kieswetter (ENG),44.401306,Craig Kieswetter
Asghar Afghan (AFG),44.244344,Asghar Afghan
VS Solanki (ENG),44.141694,VS Solanki
JM Kemp (Afr/SA),44.0268562,JM Kemp
BA Edgar (NZ),43.9733442,BA Edgar
RR Singh (INDIA),43.91808,RR Singh
CJ Chibhabha (ZIM),43.8840942,CJ Chibhabha
DS Smith (WI),43.816902,DS Smith
TM Chappell (AUS),43.6587062,TM Chappell
KJ Hughes (AUS),43.598436,KJ Hughes
JWA Taylor (ENG),43.422862,JWA Taylor
MS Wade (AUS),43.355588,MS Wade
Mudassar Nazar (PAK),43.3127702,Mudassar Nazar
HA Gomes (WI),43.0192682,HA Gomes
MJ Lumb (ENG),43.016824,MJ Lumb
MJR Rindel (SA),42.9793442,MJR Rindel
JO Holder (WI),42.95628,JO Holder
GP Thorpe (ENG),42.9160522,GP Thorpe
MK Pandey (INDIA),42.750052,MK Pandey
Sabbir Rahman (BDESH),42.72618,Sabbir Rahman
R Lamba (INDIA),42.6910302,R Lamba
Samiullah Shinwari (AFG),42.642332,Samiullah Shinwari
Moin-ul-Atiq (PAK),42.5845262,Moin-ul-Atiq
WIA Fernando (SL),42.545624,WIA Fernando
TT Samaraweera (SL),42.541342,TT Samaraweera
PN Kirsten (SA),42.4412602,PN Kirsten
BE Congdon (NZ),42.4397842,BE Congdon
PJ Forrest (AUS),42.291548,PJ Forrest
RC Fredericks (WI),42.224166,RC Fredericks
HK Badani (INDIA),42.1650642,HK Badani
HE van der Dussen (SA),42.14638,HE van der Dussen
Nasir Hossain (BDESH),41.98336,Nasir Hossain
MK Tiwary (INDIA),41.905896,MK Tiwary
Hashmatullah Shahidi (AFG),41.873116,Hashmatullah Shahidi
JEC Franklin (NZ),41.828118,JEC Franklin
KJ Wadsworth (NZ),41.7792242,KJ Wadsworth
RR Hendricks (SA),41.429476,RR Hendricks
PA Wallace (WI),41.3640882,PA Wallace
JDS Neesham (NZ),41.326982,JDS Neesham
Junaid Siddique (BDESH),41.298826,Junaid Siddique
MP Vaughan (ENG),41.127842,MP Vaughan
C Sharma (INDIA),41.117276,C Sharma
RA Jadeja (INDIA),40.990932,RA Jadeja
A Turner (AUS),40.964816,A Turner
R Powell (WI),40.91496,R Powell
Mehrab Hossain (BDESH),40.8042302,Mehrab Hossain
Aftab Ahmed (BDESH),40.734848,Aftab Ahmed
SM Ervine (ZIM),40.686844,SM Ervine
CA Best (WI),40.6850382,CA Best
DA Marillier (ZIM),40.4951302,DA Marillier
CR Brathwaite (WI),40.41278,CR Brathwaite
MN Waller (ZIM),40.409242,MN Waller
DJG Sammy (WI),40.359188,DJG Sammy
CR Woakes (ENG),40.252486,CR Woakes
DR Smith (WI),40.251696,DR Smith
CK Kapugedera (SL),40.22361,CK Kapugedera
TM Dowlin (WI),40.1409042,TM Dowlin
FDM Karunaratne (SL),40.086166,FDM Karunaratne
JA Morkel (Afr/SA),40.084148,JA Morkel
Zahid Fazal (PAK),39.8979142,Zahid Fazal
Faisal Iqbal (PAK),39.8036742,Faisal Iqbal
S Matsikenyeri (ZIM),39.7614642,S Matsikenyeri
BJ Watling (NZ),39.716618,BJ Watling
AB Agarkar (INDIA),39.649082,AB Agarkar
JF Mooney (IRE),39.6191262,JF Mooney
HH Streak (Afr/ZIM),39.4602142,HH Streak
DM Wellham (AUS),39.2201782,DM Wellham
PA Patel (INDIA),39.137208,PA Patel
SHT Kandamby (SL),39.0330902,SHT Kandamby
TM Moody (AUS),39.016874,TM Moody
CN Evans (ZIM),38.99275,CN Evans
Shamsur Rahman (BDESH),38.85427,Shamsur Rahman
RH Vance (NZ),38.8325002,RH Vance
MHW Papps (NZ),38.7285262,MHW Papps
GSNFG Jayasuriya (SL),38.619708,GSNFG Jayasuriya
JC Adams (WI),38.5770982,JC Adams
MA Vermeulen (ZIM),38.575792,MA Vermeulen
RB McCosker (AUS),38.5511682,RB McCosker
JP Maher (AUS),38.488156,JP Maher
AD Russell (WI),38.446958,AD Russell
RL Chase (WI),38.31329,RL Chase
SS Iyer (INDIA),38.253642,SS Iyer
Wasim Akram (PAK),38.223148,Wasim Akram
IM Chappell (AUS),38.196344,IM Chappell
SS Dighe (INDIA),38.1420342,SS Dighe
Raqibul Hasan (BDESH),38.01665,Raqibul Hasan
JJ Crowe (NZ),37.9599242,JJ Crowe
Shahriar Hossain (BDESH),37.936566,Shahriar Hossain
S Prasanna (SL),37.784926,S Prasanna
Aamer Malik (PAK),37.7330122,Aamer Malik
Shabir Noori (AFG),37.7323582,Shabir Noori
PA Jaques (AUS),37.616202,PA Jaques
Sohaib Maqsood (PAK),37.595576,Sohaib Maqsood
UDU Chandana (SL),37.5598122,UDU Chandana
Yashpal Sharma (INDIA),37.5597422,Yashpal Sharma
AG Prince (Afr/SA),37.4973462,AG Prince
JN Mohammed (WI),37.4900902,JN Mohammed
GK Khoda (INDIA),37.3659882,GK Khoda
Javed Omar (BDESH),37.348782,Javed Omar
NM Coulter-Nile (AUS),37.339504,NM Coulter-Nile
GJ Whittall (ZIM),37.2285222,GJ Whittall
TJ Friend (ZIM),36.946064,TJ Friend
JH Edrich (ENG),36.9290202,JH Edrich
KLT Arthurton (WI),36.8821642,KLT Arthurton
DW Randall (ENG),36.8322762,DW Randall
C Munro (NZ),36.808666,C Munro
JF Reid (NZ),36.723696,JF Reid
DL Vettori (ICC/NZ),36.66017,DL Vettori
PJL Dujon (WI),36.6012482,PJL Dujon
LK Germon (NZ),36.5027942,LK Germon
MJ Di Venuto (AUS),36.432342,MJ Di Venuto
KJ Barnett (ENG),36.431024,KJ Barnett
RV Uthappa (INDIA),36.40767,RV Uthappa
AT Carey (AUS),36.307782,AT Carey
Asad Shafiq (PAK),36.242658,Asad Shafiq
SM Patil (INDIA),36.169578,SM Patil
Naeem Islam (BDESH),36.1333482,Naeem Islam
JR Murray (WI),36.1230642,JR Murray
T Duffin (ZIM),36.08015,T Duffin
JL Denly (ENG),36.06108,JL Denly
RD Jacobs (WI),36.0521102,RD Jacobs
MJ Prior (ENG),36.021964,MJ Prior
IK Pathan (INDIA),35.93832,IK Pathan
GM Ritchie (AUS),35.9084622,GM Ritchie
LE Bosman (Afr/SA),35.8362902,LE Bosman
S Wettimuny (SL),35.6776442,S Wettimuny
KD Karthik (INDIA),35.608332,KD Karthik
Ikram Alikhil (AFG),35.5981562,Ikram Alikhil
RB Kerr (AUS),35.5966462,RB Kerr
KOA Powell (WI),35.5849422,KOA Powell
BG Rogers (ZIM),35.465258,BG Rogers
JA Rudolph (Afr/SA),35.439284,JA Rudolph
SM Davies (ENG),35.406196,SM Davies
IT Botham (ENG),35.344562,IT Botham
SA Thomson (NZ),35.29908,SA Thomson
CM Spearman (NZ),35.29457,CM Spearman
DM de Silva (SL),35.292794,DM de Silva
Zahoor Elahi (PAK),35.072784,Zahoor Elahi
HH Pandya (INDIA),35.059436,HH Pandya
R Rampaul (WI),34.944318,R Rampaul
S Ramesh (INDIA),34.8471662,S Ramesh
CJ Tavare (ENG),34.83565,CJ Tavare
SAR Silva (SL),34.821856,SAR Silva
CL King (WI),34.7973842,CL King
Gulbadin Naib (AFG),34.705136,Gulbadin Naib
AJ Turner (AUS),34.699786,AJ Turner
AJ Hollioake (ENG),34.5856822,AJ Hollioake
Khurram Manzoor (PAK),34.5562862,Khurram Manzoor
LRD Mendis (SL),34.555864,LRD Mendis
PK Amre (INDIA),34.5461542,PK Amre
Javed Ahmadi (AFG),34.5319502,Javed Ahmadi
AC Waller (ZIM),34.458136,AC Waller
Habibul Bashar (BDESH),34.4092262,Habibul Bashar
Sir RJ Hadlee (NZ),34.307412,Sir RJ Hadlee
GJ Cosier (AUS),34.2339362,GJ Cosier
RT Robinson (ENG),34.1280362,RT Robinson
MN van Wyk (SA),34.120356,MN van Wyk
Moin Khan (PAK),34.0756502,Moin Khan
G Fowler (ENG),33.9471162,G Fowler
GO Jones (ENG/PNG),33.94184,GO Jones
AJ Hall (SA),33.9218102,AJ Hall
Wajahatullah Wasti (PAK),33.8827042,Wajahatullah Wasti
Rashid Latif (PAK),33.8801362,Rashid Latif
Athar Ali Khan (BDESH),33.859592,Athar Ali Khan
AI Kallicharran (WI),33.753742,AI Kallicharran
P Mustard (ENG),33.736878,P Mustard
R Edwards (AUS),33.7072722,R Edwards
AN Petersen (SA),33.5751062,AN Petersen
BP Patel (INDIA),33.562074,BP Patel
Taufeeq Umar (PAK),33.554548,Taufeeq Umar
J Dyson (AUS),33.5466922,J Dyson
SFAF Bacchus (WI),33.4848822,SFAF Bacchus
SP O'Donnell (AUS),33.4777562,SP O'Donnell
F Mutizwa (ZIM),33.2982762,F Mutizwa
TT Bresnan (ENG),33.158168,TT Bresnan
BA Young (NZ),32.659858,BA Young
GP Howarth (NZ),32.5934742,GP Howarth
AR McBrine (IRE),32.5791862,AR McBrine
ID Blackwell (ENG),32.572192,ID Blackwell
GD Barlow (ENG),32.564154,GD Barlow
WB Phillips (AUS),32.559096,WB Phillips
B Wood (ENG),32.444654,B Wood
Saad Nasim (PAK),32.4159242,Saad Nasim
MH Dekker (ZIM),32.2880922,MH Dekker
GS Ballance (ENG),32.185864,GS Ballance
MJ Slater (AUS),32.1232742,MJ Slater
DW Hookes (AUS),32.0300342,DW Hookes
Khaled Mashud (BDESH),31.927352,Khaled Mashud
JM Brearley (ENG),31.9151,JM Brearley
Saadat Ali (PAK),31.9080922,Saadat Ali
MAR Samarasekera (SL),31.884088,MAR Samarasekera
KC Brathwaite (WI),31.87845,KC Brathwaite
KMDN Kulasekara (SL),31.841874,KMDN Kulasekara
AD Poynter (IRE),31.8349342,AD Poynter
STR Binny (INDIA),31.760092,STR Binny
AR White (IRE),31.734182,AR White
MG Johnson (AUS),31.705942,MG Johnson
RW Chakabva (ZIM),31.5525022,RW Chakabva
I Udana (SL),31.503296,I Udana
AD Gaekwad (INDIA),31.4292802,AD Gaekwad
CJ Ferguson (AUS),31.413462,CJ Ferguson
LV Garrick (WI),31.3428762,LV Garrick
Mohammad Wasim (PAK),31.3300282,Mohammad Wasim
C de Grandhomme (NZ),31.264458,C de Grandhomme
Shahid Mahboob (PAK),31.199582,Shahid Mahboob
Hasan Raza (PAK),31.1973002,Hasan Raza
MJ Horne (NZ),31.1799262,MJ Horne
D Ganga (WI),31.1453162,D Ganga
HDPK Dharmasena (SL),31.119378,HDPK Dharmasena
Mohammad Rafique (Asia/BDESH),31.0957942,Mohammad Rafique
GJ Rennie (ZIM),31.0496242,GJ Rennie
F Behardien (SA),30.9631362,F Behardien
B Warnapura (SL),30.8167562,B Warnapura
MJ Cosgrove (AUS),30.662476,MJ Cosgrove
JV Coney (NZ),30.6344942,JV Coney
GR Viswanath (INDIA),30.584552,GR Viswanath
R Mutumbami (ZIM),30.5652042,R Mutumbami
CJ Nevin (NZ),30.5392562,CJ Nevin
Sadiq Mohammad (PAK),30.5159702,Sadiq Mohammad
J Mubarak (SL),30.511044,J Mubarak
SMA Priyanjan (SL),30.479046,SMA Priyanjan
WS Jayantha (SL),30.4590082,WS Jayantha
P Utseya (ZIM),30.4294982,P Utseya
GB Hogg (AUS),30.373944,GB Hogg
TJ Laughlin (AUS),30.3726062,TJ Laughlin
DAG Fletcher (ZIM),30.2585742,DAG Fletcher
RS Madugalle (SL),30.2571442,RS Madugalle
NR Mongia (INDIA),30.158718,NR Mongia
WM Darling (AUS),30.1574982,WM Darling
JA McCollum (IRE),30.1432642,JA McCollum
Mohammad Amir (PAK),30.12693,Mohammad Amir
ML Udawatte (SL),30.08084,ML Udawatte
KM Curran (ZIM),30.07687,KM Curran
DSBP Kuruppu (SL),30.0686642,DSBP Kuruppu
JP Crawley (ENG),30.041034,JP Crawley
GN Yallop (AUS),29.76131,GN Yallop
HP Rinke (ZIM),29.7093102,HP Rinke
BMAJ Mendis (SL),29.6874,BMAJ Mendis
MF Maharoof (SL),29.670442,MF Maharoof
R McLaren (SA),29.590836,R McLaren
AMJ Hilditch (AUS),29.5143862,AMJ Hilditch
M Vijay (INDIA),29.466098,M Vijay
AR Cusack (IRE),29.4205702,AR Cusack
SRD Wettimuny (SL),29.3839462,SRD Wettimuny
RD Robinson (AUS),29.3453322,RD Robinson
SR Patel (ENG),29.34153,SR Patel
Azam Khan (PAK),29.3103242,Azam Khan
AL Phehlukwayo (SA),29.296968,AL Phehlukwayo
Qasim Umar (PAK),29.2469722,Qasim Umar
RR Pant (INDIA),29.185546,RR Pant
Aminul Islam (BDESH),29.071842,Aminul Islam
MJ Santner (NZ),29.000592,MJ Santner
Azhar Mahmood (PAK),28.98552,Azhar Mahmood
S Abid Ali (INDIA),28.9658202,S Abid Ali
Imad Wasim (PAK),28.872574,Imad Wasim
CL Smith (ENG),28.812678,CL Smith
S Ranatunga (SL),28.794572,S Ranatunga
MD Shanaka (SL),28.753822,MD Shanaka
AU Rashid (ENG),28.729176,AU Rashid
DN Patel (NZ),28.710366,DN Patel
MRJ Veletta (AUS),28.5960562,MRJ Veletta
TN Madondo (ZIM),28.5589422,TN Madondo
LG Howell (NZ),28.5394002,LG Howell
DJM Short (AUS),28.536732,DJM Short
PAJ DeFreitas (ENG),28.5282922,PAJ DeFreitas
RW Marsh (AUS),28.433794,RW Marsh
MD Moxon (ENG),28.431774,MD Moxon
PJ Ingram (NZ),28.3582262,PJ Ingram
RJ Peterson (SA),28.289126,RJ Peterson
BR Hartland (NZ),28.1191542,BR Hartland
JA Burns (AUS),28.086658,JA Burns
Minhajul Abedin (BDESH),28.0803282,Minhajul Abedin
Asif Iqbal (PAK),28.062198,Asif Iqbal
Jai P Yadav (INDIA),28.01648,Jai P Yadav
AL Wadekar (INDIA),28.012488,AL Wadekar
MD Marshall (WI),28.004776,MD Marshall
AK Markram (SA),27.994568,AK Markram
NL McCullum (NZ),27.980326,NL McCullum
RS Sodhi (INDIA),27.9712422,RS Sodhi
N Deonarine (WI),27.9608862,N Deonarine
DM Benkenstein (SA),27.9237542,DM Benkenstein
KS Lokuarachchi (SL),27.9110802,KS Lokuarachchi
Aamer Yamin (PAK),27.9102882,Aamer Yamin
Akram Khan (BDESH),27.728684,Akram Khan
Hazratullah Zazai (AFG),27.70466,Hazratullah Zazai
UC Hathurusingha (SL),27.6107902,UC Hathurusingha
TAM Siriwardana (SL),27.51718,TAM Siriwardana
AP Kuiper (SA),27.4736942,AP Kuiper
Bazid Khan (PAK),27.4491182,Bazid Khan
AM Blignaut (ZIM),27.4474162,AM Blignaut
JWM Dalrymple (ENG),27.3957022,JWM Dalrymple
MH Denness (ENG),27.388726,MH Denness
P Willey (ENG),27.263674,P Willey
R Ashwin (INDIA),27.261028,R Ashwin
RIC Holder (WI),27.228178,RIC Holder
AO Malhotra (INDIA),27.205712,AO Malhotra
Saleem Yousuf (PAK),27.1201222,Saleem Yousuf
JR Hopes (AUS),27.11081,JR Hopes
B Lee (AUS),27.063616,B Lee
Mohammad Mithun (BDESH),26.998096,Mohammad Mithun
MD Bell (NZ),26.9416562,MD Bell
RB Reid (NZ),26.89854,RB Reid
MC Snedden (NZ),26.8661542,MC Snedden
BM Duckett (ENG),26.849236,BM Duckett
AJ Bichel (AUS),26.669324,AJ Bichel
GH Dockrell (IRE),26.6609002,GH Dockrell
JM Parker (NZ),26.6430142,JM Parker
RP Snell (SA),26.5996362,RP Snell
Khalid Latif (PAK),26.5239162,Khalid Latif
IDS Smith (NZ),26.429962,IDS Smith
RA Jones (NZ),26.405268,RA Jones
KR Stackpole (AUS),26.3870002,KR Stackpole
EH Mattis (WI),26.3248682,EH Mattis
MA Holding (WI),26.254918,MA Holding
Manjural Islam Rana (BDESH),26.0695062,Manjural Islam Rana
DG Brownlie (NZ),26.0343522,DG Brownlie
Haroon Rasheed (PAK),26.0259842,Haroon Rasheed
BC Hollioake (ENG),25.99585,BC Hollioake
JE Morris (ENG),25.9707062,JE Morris
S Amarnath (INDIA),25.9675542,S Amarnath
DP Viljoen (ZIM),25.954102,DP Viljoen
PL Symcox (SA),25.9310622,PL Symcox
MA Carberry (ENG),25.834164,MA Carberry
CH Morris (SA),25.803004,CH Morris
IA Healy (AUS),25.763672,IA Healy
DL Murray (WI),25.7438662,DL Murray
Rashid Khan (AFG),25.707954,Rashid Khan
MSK Prasad (INDIA),25.664586,MSK Prasad
BT Foakes (ENG),25.54583386,BT Foakes
Hannan Sarkar (BDESH),25.5361582,Hannan Sarkar
MH Yardy (ENG),25.466002,MH Yardy
SB Joshi (INDIA),25.4299682,SB Joshi
KJ Arnott (ZIM),25.3855962,KJ Arnott
Wasim Raja (PAK),25.2377482,Wasim Raja
AK Sharma (INDIA),25.237218,AK Sharma
GB Brent (ZIM),25.21326,GB Brent
Y Venugopal Rao (INDIA),25.155264,Y Venugopal Rao
AJ Pycroft (ZIM),25.1274662,AJ Pycroft
Mahbubul Alam (BDESH),25.1241242,Mahbubul Alam
N Chopra (INDIA),25.103442,N Chopra
TRO Payne (WI),25.0987602,TRO Payne
KD Walters (AUS),25.0757242,KD Walters
SKL de Silva (SL),25.0594,SKL de Silva
Tahir Naqqash (PAK),25.0559762,Tahir Naqqash
Al Sahariar (BDESH),25.0169802,Al Sahariar
GH Worker (NZ),24.9627682,GH Worker
DM Richards (WI),24.944242,DM Richards
RG de Alwis (SL),24.901476,RG de Alwis
PJ Moor (ZIM),24.8457322,PJ Moor
BL Cairns (NZ),24.8238882,BL Cairns
Hasan Ali (PAK),24.802088,Hasan Ali
APB Tennekoon (SL),24.7584542,APB Tennekoon
Younis Ahmed (PAK),24.7385562,Younis Ahmed
RT Latham (NZ),24.730984,RT Latham
PR Reiffel (AUS),24.6971862,PR Reiffel
DW Steyn (Afr/SA),24.690522,DW Steyn
Sohail Tanvir (PAK),24.664888,Sohail Tanvir
TK Musakanda (ZIM),24.6558062,TK Musakanda
Afsar Zazai (AFG),24.5814522,Afsar Zazai
LG Rowe (WI),24.5568442,LG Rowe
PD McGlashan (NZ),24.4898262,PD McGlashan
AH Omarshah (ZIM),24.4347682,AH Omarshah
AG Cremer (ZIM),24.3763562,AG Cremer
SE Findlay (WI),24.2817802,SE Findlay
RB Kanhai (WI),24.2547382,RB Kanhai
Umar Amin (PAK),24.220506,Umar Amin
KD Mills (NZ),24.189482,KD Mills
LE Plunkett (ENG),24.168046,LE Plunkett
Ihsanullah (AFG),24.1521902,Ihsanullah
Nafees Iqbal (BDESH),24.1158322,Nafees Iqbal
SK Warne (AUS/ICC),24.063642,SK Warne
DS Weerakkody (SL),24.0338262,DS Weerakkody
WD Parnell (SA),23.957534,WD Parnell
GS Blewett (AUS),23.804006,GS Blewett
WPUJC Vaas (Asia/SL),23.746142,WPUJC Vaas
TG Southee (NZ),23.741832,TG Southee
HH Kanitkar (INDIA),23.690196,HH Kanitkar
SC Joseph (WI),23.6617282,SC Joseph
AP Devcich (NZ),23.6541402,AP Devcich
RE van der Merwe (NL/SA),23.6476402,RE van der Merwe
DJ Richardson (SA),23.58397,DJ Richardson
PL Taylor (AUS),23.574072,PL Taylor
RMH Binny (INDIA),23.571008,RMH Binny
PM Toohey (AUS),23.5458622,PM Toohey
GM Strydom (ZIM),23.5383642,GM Strydom
DAJ Bracewell (NZ),23.4963842,DAJ Bracewell
Shadab Khan (PAK),23.486018,Shadab Khan
Abdur Razzak (BDESH),23.482002,Abdur Razzak
BC Rose (ENG),23.4798722,BC Rose
SC Khanna (INDIA),23.4371382,SC Khanna
Mushtaq Mohammad (PAK),23.4064562,Mushtaq Mohammad
SS Pathirana (SL),23.38862,SS Pathirana
EA Brandes (ZIM),23.2772722,EA Brandes
V Pollard (NZ),23.27556,V Pollard
Faruk Ahmed (BDESH),23.2745782,Faruk Ahmed
AJ Woodcock (AUS),23.2670402,AJ Woodcock
SJ Rhodes (ENG),23.2560602,SJ Rhodes
Shafiqullah (AFG),23.250658,Shafiqullah
DT Tiripano (ZIM),23.239074,DT Tiripano
S Sriram (INDIA),23.22965,S Sriram
AM Bacher (SA),23.1874002,AM Bacher
AC Botha (IRE),23.1652162,AC Botha
FY Fazal (INDIA),23.16001406,FY Fazal
NM Hauritz (AUS),23.156596,NM Hauritz
JL Carter (WI),23.1363122,JL Carter
SB Bangar (INDIA),23.108026,SB Bangar
FM Engineer (INDIA),23.0979282,FM Engineer
AR Khurasiya (INDIA),23.0941282,AR Khurasiya
SL Malinga (SL),23.088436,SL Malinga
ASA Perera (SL),23.0547302,ASA Perera
C White (ENG),23.052694,C White
S Randiv (SL),23.046732,S Randiv
V Rathour (INDIA),22.976184,V Rathour
K Zondo (SA),22.9644222,K Zondo
JFM Morrison (NZ),22.8877142,JFM Morrison
LJ Tucker (IRE),22.8745642,LJ Tucker
P Kumar (INDIA),22.840298,P Kumar
RS Kalpage (SL),22.8143402,RS Kalpage
S Madan Lal (INDIA),22.769914,S Madan Lal
GRJ Matthews (AUS),22.7675362,GRJ Matthews
Nasir Jamal (AFG),22.7608862,Nasir Jamal
J Srinath (INDIA),22.699842,J Srinath
Mosaddek Hossain (BDESH),22.678116,Mosaddek Hossain
S Chattergoon (WI),22.6747602,S Chattergoon
RS Haire (IRE),22.6658762,RS Haire
SS Karim (INDIA),22.561578,SS Karim
DJ Willey (ENG),22.537084,DJ Willey
Asif Ali (PAK),22.450028,Asif Ali
Wahab Riaz (PAK),22.435124,Wahab Riaz
T Thushara (SL),22.3855422,T Thushara
RS Gavaskar (INDIA),22.36207,RS Gavaskar
RR Powar (INDIA),22.29734,RR Powar
B Kumar (INDIA),22.285338,B Kumar
S Samarawickrama (SL),22.2332962,S Samarawickrama
IP Butchart (ZIM),22.2046922,IP Butchart
NO Perry (WI),22.2003902,NO Perry
MA Starc (AUS),22.190782,MA Starc
JW Hastings (AUS),22.176528,JW Hastings
ADS Fletcher (WI),22.174806,ADS Fletcher
Azhar Hossain (BDESH),22.1529642,Azhar Hossain
RP Burl (ZIM),22.142448,RP Burl
Mehrab Hossain jnr (BDESH),22.1376522,Mehrab Hossain jnr
Mohammad Nawaz (3) (PAK),22.1295582,Mohammad Nawaz
Mohammad Saifuddin (BDESH),22.114614,Mohammad Saifuddin
MW Alleyne (ENG),22.058462,MW Alleyne
GH Bodi (SA),22.0221562,GH Bodi
DN Crookes (SA),22.0134922,DN Crookes
A McGrath (ENG),21.991836,A McGrath
Mashrafe Mortaza (Asia/BDESH),21.937114,Mashrafe Mortaza
DL Maddy (ENG),21.8673762,DL Maddy
Jahurul Islam (BDESH),21.843716,Jahurul Islam
Mirwais Ashraf (AFG),21.8299122,Mirwais Ashraf
FC Hayes (ENG),21.8298482,FC Hayes
MH Tissera (SL),21.8071082,MH Tissera
AJ Redmond (NZ),21.7699902,AJ Redmond
TE Jesty (ENG),21.732846,TE Jesty
Manzoor Elahi (PAK),21.7129802,Manzoor Elahi
NO Miller (WI),21.6550662,NO Miller
MR Ramprakash (ENG),21.653608,MR Ramprakash
AD Mascarenhas (ENG),21.614048,AD Mascarenhas
LJ Wright (ENG),21.579108,LJ Wright
VB Chandrasekhar (INDIA),21.5636,VB Chandrasekhar
RO Butcher (ENG),21.549902,RO Butcher
AC Bedade (INDIA),21.4802682,AC Bedade
KO Meth (ZIM),21.4762962,KO Meth
RC Irani (ENG),21.456686,RC Irani
Mehidy Hasan Miraz (BDESH),21.42131,Mehidy Hasan Miraz
Shahzaib Hasan (PAK),21.352262,Shahzaib Hasan
OD Gibson (WI),21.349706,OD Gibson
Sanwar Hossain (BDESH),21.2334362,Sanwar Hossain
AN Ranasinghe (SL),21.1797942,AN Ranasinghe
CM Old (ENG),21.178358,CM Old
JM Vince (ENG),21.166118,JM Vince
FA Allen (WI),21.1620162,FA Allen
JR Ratnayeke (SL),21.1492862,JR Ratnayeke
RC Russell (ENG),21.118094,RC Russell
WK McCallan (IRE),21.0134402,WK McCallan
AP Sheahan (AUS),21.0018442,AP Sheahan
GJ Crocker (ZIM),20.9425242,GJ Crocker
V Dahiya (INDIA),20.9410842,V Dahiya
Harbhajan Singh (Asia/INDIA),20.940608,Harbhajan Singh
DR Pringle (ENG),20.914454,DR Pringle
DJ Capel (ENG),20.904524,DJ Capel
LR Johnson (WI),20.8403962,LR Johnson
Farhad Reza (BDESH),20.831682,Farhad Reza
MG Vandort (SL),20.829616,MG Vandort
JM Wiener (AUS),20.8224202,JM Wiener
PA Strang (ZIM),20.8183842,PA Strang
APE Knott (ENG),20.799326,APE Knott
Shan Masood (PAK),20.7670902,Shan Masood
A Dananjaya (SL),20.681942,A Dananjaya
PA Browne (WI),20.6755982,PA Browne
CS Baugh (WI),20.6661202,CS Baugh
D Pretorius (SA),20.6354902,D Pretorius
TA Lloyd (ENG),20.633072,TA Lloyd
TK Curran (ENG),20.573966,TK Curran
D Gough (ENG/ICC),20.550904,D Gough
Shahid Saeed (PAK),20.5116262,Shahid Saeed
NAM McLean (WI),20.4438882,NAM McLean
TJ Zoehrer (AUS),20.4410202,TJ Zoehrer
TD Astle (NZ),20.4358682,TD Astle
CJ Richards (ENG),20.427792,CJ Richards
Dawlat Zadran (AFG),20.420906,Dawlat Zadran
SMH Kirmani (INDIA),20.380164,SMH Kirmani
J Arun Lal (INDIA),20.35621,J Arun Lal
RN Lewis (WI),20.3523482,RN Lewis
IJ Harvey (AUS),20.253032,IJ Harvey
PA Nixon (ENG),20.240054,PA Nixon
DP Samaraweera (SL),20.2232822,DP Samaraweera
TE Blain (NZ),20.138412,TE Blain
Khaled Mahmud (BDESH),20.082476,Khaled Mahmud
DNT Zoysa (SL),20.059896,DNT Zoysa
BOP Fernando (SL),19.997376,BOP Fernando
MJ Henry (NZ),19.913244,MJ Henry
J Botha (Afr/SA),19.8918522,J Botha
Mushfiqur Rahman (BDESH),19.760448,Mushfiqur Rahman
AW Greig (ENG),19.67558,AW Greig
BA Parchment (WI),19.6148502,BA Parchment
R Murray (ZIM),19.614636,R Murray
Mohammad Sami (PAK),19.593018,Mohammad Sami
S Lee (AUS),19.582942,S Lee
Aaqib Javed (PAK),19.5703062,Aaqib Javed
RJ Bailey (ENG),19.556862,RJ Bailey
DT Johnston (IRE),19.4316822,DT Johnston
RA Harper (WI),19.42561,RA Harper
SCJ Broad (ENG),19.421748,SCJ Broad
Shoaib Akhtar (Asia/ICC/PAK),19.390824,Shoaib Akhtar
V Shankar (INDIA),19.38924,V Shankar
KMA Paul (WI),19.3300222,KMA Paul
Mansoor Akhtar (PAK),19.2317282,Mansoor Akhtar
CO Browne (WI),19.1720922,CO Browne
JJ Whitaker (ENG),19.1603322,JJ Whitaker
CS Cowdrey (ENG),19.156088,CS Cowdrey
AFG Griffith (WI),19.1548422,AFG Griffith
Naimur Rahman (BDESH),19.1409262,Naimur Rahman
MG Burgess (NZ),19.1398122,MG Burgess
AV Mankad (INDIA),19.1361642,AV Mankad
AR Adams (NZ),19.125966,AR Adams
CS Serjeant (AUS),19.1204902,CS Serjeant
Nazimuddin (BDESH),19.083278,Nazimuddin
KA Hope (WI),19.0695562,KA Hope
CPS Chauhan (INDIA),19.0142442,CPS Chauhan
AR Nurse (WI),18.97389,AR Nurse
RW Price (ZIM),18.9165602,RW Price
ML Nkala (ZIM),18.9131922,ML Nkala
AC Agar (AUS),18.89965,AC Agar
Nurul Hasan (BDESH),18.753312,Nurul Hasan
LM Jongwe (ZIM),18.7294142,LM Jongwe
DBL Powell (WI),18.7162822,DBL Powell
SW Masakadza (ZIM),18.6582922,SW Masakadza
KM Dabengwa (ZIM),18.6099982,KM Dabengwa
JN Gillespie (AUS),18.564926,JN Gillespie
M van Jaarsveld (SA),18.557118,M van Jaarsveld
MB Loye (ENG),18.554062,MB Loye
Sami Aslam (PAK),18.544328,Sami Aslam
GM Ewing (ZIM),18.5240702,GM Ewing
MA Ealham (ENG),18.48693,MA Ealham
Anwar Ali (PAK),18.455424,Anwar Ali
GC Dyer (AUS),18.4114322,GC Dyer
SG Davies (ZIM),18.404726,SG Davies
G Miller (ENG),18.387606,G Miller
Manzoor Akhtar (PAK),18.3609942,Manzoor Akhtar
Simi Singh (IRE),18.285754,Simi Singh
JW Wilson (NZ),18.268688,JW Wilson
Anwar Hossain (BDESH),18.2596602,Anwar Hossain
C Zhuwao (ZIM),18.2142502,C Zhuwao
PR Downton (ENG),18.1907282,PR Downton
GRJ Roope (ENG),18.1784782,GRJ Roope
CD Cumming (NZ),18.1664162,CD Cumming
KS More (INDIA),18.158364,KS More
GJ Hopkins (NZ),18.1376142,GJ Hopkins
CA Lynn (AUS),18.080658,CA Lynn
PC de Silva (SL),18.078108,PC de Silva
M Ntini (ICC/SA),18.076546,M Ntini
VJ Marks (ENG),18.072222,VJ Marks
Abdul Qadir (PAK),18.0250522,Abdul Qadir
JG Bracewell (NZ),17.9305222,JG Bracewell
DJ Nash (NZ),17.875674,DJ Nash
DK Liyanage (SL),17.8363582,DK Liyanage
JD Love (ENG),17.83117,JD Love
GAHM Parkar (INDIA),17.7718482,GAHM Parkar
DB Close (ENG),17.68357,DB Close
AF Giles (ENG),17.630746,AF Giles
RK Kleinveldt (SA),17.5773462,RK Kleinveldt
JE Taylor (WI),17.517762,JE Taylor
PWH de Silva (SL),17.5132462,PWH de Silva
Waqar Younis (PAK),17.48275,Waqar Younis
TS Chisoro (ZIM),17.4335242,TS Chisoro
R Vijay Bharadwaj (INDIA),17.4257802,R Vijay Bharadwaj
SMSM Senanayake (SL),17.373898,SMSM Senanayake
CJ Adams (ENG),17.32509,CJ Adams
D Elgar (SA),17.212236,D Elgar
K Weeraratne (SL),17.2084222,K Weeraratne
D Wiese (SA),17.191932,D Wiese
IJ Gould (ENG),17.1367562,IJ Gould
DK Lillee (AUS),17.088916,DK Lillee
SHU Karnain (SL),17.0801022,SHU Karnain
GN Edwards (NZ),17.0092102,GN Edwards
BA King (WI),17.001812,BA King
Ijaz Faqih (PAK),17.0003082,Ijaz Faqih
SK Ranasinghe (SL),16.8785502,SK Ranasinghe
KH MacLeay (AUS),16.8470642,KH MacLeay
Saqlain Mushtaq (PAK),16.846434,Saqlain Mushtaq
GB Troup (NZ),16.8314722,GB Troup
PE McEwan (NZ),16.8003402,PE McEwan
Dolar Mahmud (BDESH),16.7800142,Dolar Mahmud
RS Gabriel (WI),16.7647702,RS Gabriel
GR Larsen (NZ),16.7422362,GR Larsen
MP Maynard (ENG),16.72142,MP Maynard
Raees Ahmadzai (AFG),16.6229802,Raees Ahmadzai
LR Williams (WI),16.5815222,LR Williams
DT Christian (AUS),16.570136,DT Christian
Ziaur Rahman (BDESH),16.5472202,Ziaur Rahman
BP Nash (WI),16.53035,BP Nash
BM Wheeler (NZ),16.52670606,BM Wheeler
FL Reifer (WI),16.4608362,FL Reifer
CM Kuggeleijn (NZ),16.43147,CM Kuggeleijn
GFJ Liebenberg (SA),16.3862442,GFJ Liebenberg
Umar Gul (PAK),16.366368,Umar Gul
JJ Martin (INDIA),16.3630882,JJ Martin
JN Snape (ENG),16.35421,JN Snape
KK Nair (INDIA),16.343916,KK Nair
Taijul Islam (BDESH),16.333348,Taijul Islam
Humayun Farhat (PAK),16.2976722,Humayun Farhat
MG Burmester (ZIM),16.2973522,MG Burmester
J Anderson (IRE),16.2830042,J Anderson
PS Masvaure (ZIM),16.2540882,PS Masvaure
VJ Wells (ENG),16.2263322,VJ Wells
Shahid Anwar (PAK),16.1700322,Shahid Anwar
SR Thompson (IRE),16.1638002,SR Thompson
RJ Campbell (AUS),16.155712,RJ Campbell
DS de Silva (SL),16.117486,DS de Silva
ARC Fraser (ENG),16.113026,ARC Fraser
M Muralitharan (Asia/ICC/SL),16.074358,M Muralitharan
Kabir Ali (ENG),16.031488,Kabir Ali
DP Hyatt (WI),16.0243162,DP Hyatt
Aamer Hanif (PAK),16.0163342,Aamer Hanif
Bilawal Bhatti (PAK),15.985664,Bilawal Bhatti
BB Chari (ZIM),15.9665502,BB Chari
KBJ Azad (INDIA),15.91778,KBJ Azad
Shaheedur Rahman (BDESH),15.9146802,Shaheedur Rahman
CJ Jordan (ENG),15.906256,CJ Jordan
J Garner (WI),15.890652,J Garner
SI de Saram (SL),15.8482722,SI de Saram
EJ Gray (NZ),15.8399762,EJ Gray
PG Coman (NZ),15.8156882,PG Coman
AR Patel (INDIA),15.798422,AR Patel
R Clarke (ENG),15.797992,R Clarke
Ghulam Ali (PAK),15.7696402,Ghulam Ali
TS Roland-Jones (ENG),15.75348606,TS Roland-Jones
M Bhanuka (SL),15.7403002,M Bhanuka
KAJ Roach (WI),15.734114,KAJ Roach
DE Bernard (WI),15.6586842,DE Bernard
JL Langer (AUS),15.629054,JL Langer
DR Tuffey (NZ),15.6177422,DR Tuffey
RD Brown (ZIM),15.6068862,RD Brown
SS Tiwary (INDIA),15.58047586,SS Tiwary
Bilal Asif (PAK),15.566574,Bilal Asif
KM Jarvis (ZIM),15.549176,KM Jarvis
AR Caddick (ENG),15.530614,AR Caddick
AME Roberts (WI),15.526278,AME Roberts
Shakeel Ahmed jnr (PAK),15.5012802,Shakeel Ahmed jnr
IDR Bradshaw (WI),15.4802162,IDR Bradshaw
GA Lamb (ZIM),15.42944,GA Lamb
Mushtaq Ahmed (PAK),15.4218382,Mushtaq Ahmed
BF Hastings (NZ),15.4206322,BF Hastings
DA Reeve (ENG),15.3864002,DA Reeve
Z Khan (Asia/INDIA),15.349818,Z Khan
R Strydom (IRE),15.2422282,R Strydom
Anil Dalpat (PAK),15.2418002,Anil Dalpat
Shuvagata Hom (BDESH),15.231312,Shuvagata Hom
JJ van der Wath (SA),15.2211082,JJ van der Wath
AF Milne (NZ),15.213408,AF Milne
MJ McClenaghan (NZ),15.197108,MJ McClenaghan
PJ Cummins (AUS),15.170624,PJ Cummins
A Maregwede (ZIM),15.1689442,A Maregwede
RG Samuels (WI),15.144518,RG Samuels
SP Narine (WI),15.128598,SP Narine
DC Thomas (WI),15.1155142,DC Thomas
Hammad Azam (PAK),15.040948,Hammad Azam
CJ McDermott (AUS),14.995126,CJ McDermott
ERNS Fernando (SL),14.9811502,ERNS Fernando
Tapash Baisya (BDESH),14.975514,Tapash Baisya
IR Bishop (WI),14.963792,IR Bishop
Wasim Bari (PAK),14.943816,Wasim Bari
SW Poynter (IRE),14.9201742,SW Poynter
C Pringle (NZ),14.9079062,C Pringle
ALF de Mel (SL),14.8976602,ALF de Mel
Naved-ul-Hasan (PAK),14.862112,Naved-ul-Hasan
RJ Ratnayake (SL),14.8406682,RJ Ratnayake
Y Goonasekera (SL),14.8264322,Y Goonasekera
GP Swann (ENG),14.733224,GP Swann
MW Rushmere (SA),14.6839162,MW Rushmere
ST Finn (ENG),14.616684,ST Finn
SE Bond (NZ),14.566456,SE Bond
JE Emburey (ENG),14.535612,JE Emburey
SJ Cook (SA),14.5026262,SJ Cook
JS Patel (NZ),14.462706,JS Patel
DR Flynn (NZ),14.4047142,DR Flynn
Akram Raza (PAK),14.3978782,Akram Raza
T Maruma (ZIM),14.3951062,T Maruma
CEL Ambrose (WI),14.376326,CEL Ambrose
WN Slack (ENG),14.362364,WN Slack
CS Pandit (INDIA),14.3443422,CS Pandit
DA Murray (WI),14.2448222,DA Murray
Iftikhar Anjum (PAK),14.2382002,Iftikhar Anjum
CT Mutombodzi (ZIM),14.2342222,CT Mutombodzi
JTC Vaughan (NZ),14.2285582,JTC Vaughan
CC Lewis (ENG),14.20293,CC Lewis
BP Julian (AUS),14.189544,BP Julian
KD Boyce (WI),14.1409262,KD Boyce
Iftikhar Ahmed (PAK),14.1327802,Iftikhar Ahmed
Sarfraz Nawaz (PAK),14.09016,Sarfraz Nawaz
Saeed Ajmal (PAK),14.078466,Saeed Ajmal
GF Lawson (AUS),14.0487022,GF Lawson
JD Siddons (AUS),14.0464442,JD Siddons
Mohammad Hussain (PAK),14.0010042,Mohammad Hussain
MF Kent (AUS),13.9609722,MF Kent
TS Kamunhukamwe (ZIM),13.9579302,TS Kamunhukamwe
PR Adams (SA),13.955276,PR Adams
PC Strydom (SA),13.9467282,PC Strydom
MV Nagamootoo (WI),13.9075602,MV Nagamootoo
Sohail Fazal (PAK),13.8971882,Sohail Fazal
V Yadav (INDIA),13.896536,V Yadav
OAC Banks (WI),13.88513,OAC Banks
K Rabada (SA),13.818472,K Rabada
M Morkel (Afr/SA),13.807468,M Morkel
CA Walsh (WI),13.79541,CA Walsh
RDB Croft (ENG),13.77198,RDB Croft
GP Wickramasinghe (SL),13.7458102,GP Wickramasinghe
JM Anderson (ENG),13.739164,JM Anderson
MV Fleming (ENG),13.7293682,MV Fleming
PARP Perera (SL),13.7207722,PARP Perera
Yasir Shah (PAK),13.671722,Yasir Shah
AM Ellis (NZ),13.6388122,AM Ellis
MR Adair (IRE),13.607032,MR Adair
M Kartik (INDIA),13.605924,M Kartik
M Yachad (SA),13.5843602,M Yachad
KTGD Prasad (SL),13.56023,KTGD Prasad
T Panyangara (ZIM),13.5354442,T Panyangara
G Cook (ENG),13.50596,G Cook
GF Labrooy (SL),13.4973082,GF Labrooy
Enamul Haque (BDESH),13.4843342,Enamul Haque
DR Parry (WI),13.4427362,DR Parry
JL Ontong (Afr/SA),13.4303762,JL Ontong
MP Bicknell (ENG),13.39019,MP Bicknell
T Mupariwa (ZIM),13.3787762,T Mupariwa
D Langford-Smith (IRE),13.3681022,D Langford-Smith
VR Brown (NZ),13.3313062,VR Brown
EAE Baptiste (WI),13.327658,EAE Baptiste
A Nel (SA),13.31979,A Nel
C Hemraj (WI),13.2843182,C Hemraj
MC Sorensen (IRE),13.2785082,MC Sorensen
HK Olonga (ZIM),13.2750942,HK Olonga
GR Dilley (ENG),13.261398,GR Dilley
D Williams (WI),13.245948,D Williams
NM Lyon (AUS),13.244366,NM Lyon
Arshad Ayub (INDIA),13.2348602,Arshad Ayub
NMK Smith (ENG),13.2268602,NMK Smith
RK Chauhan (INDIA),13.201532,RK Chauhan
JC Tredwell (ENG),13.066718,JC Tredwell
Saeed Azad (PAK),13.0165982,Saeed Azad
Joginder Sharma (INDIA),12.967394,Joginder Sharma
DW Fleming (AUS),12.9511742,DW Fleming
CJ McKay (AUS),12.897264,CJ McKay
HMCM Bandara (SL),12.8966562,HMCM Bandara
Sohag Gazi (BDESH),12.88964,Sohag Gazi
AK Perera (SL),12.88342,AK Perera
AIC Dodemaide (AUS),12.863468,AIC Dodemaide
GB Stevenson (ENG),12.847574,GB Stevenson
GJ Gilmour (AUS),12.8314122,GJ Gilmour
RM West (IRE),12.8048342,RM West
SJ Benn (WI),12.801236,SJ Benn
VD Philander (SA),12.797848,VD Philander
AS Joseph (WI),12.787436,AS Joseph
MJ Smith (ENG),12.786266,MJ Smith
Abdur Rehman (PAK),12.7661222,Abdur Rehman
FA Rose (WI),12.763014,FA Rose
CMW Read (ENG),12.748924,CMW Read
WKM Benjamin (WI),12.7122122,WKM Benjamin
A Kumble (Asia/INDIA),12.692524,A Kumble
DG Cork (ENG),12.670386,DG Cork
Imran Tahir (SA),12.643086,Imran Tahir
DJ Gandhi (INDIA),12.6343382,DJ Gandhi
JA Richardson (AUS),12.58151,JA Richardson
Naved Anjum (PAK),12.5626662,Naved Anjum
DE Bollinger (AUS),12.560808,DE Bollinger
SS Das (INDIA),12.5403222,SS Das
MDK Perera (SL),12.523076,MDK Perera
Dhiman Ghosh (BDESH),12.5174542,Dhiman Ghosh
A Ratra (INDIA),12.5031182,A Ratra
VA Holder (WI),12.4681522,VA Holder
MS Kasprowicz (AUS),12.396512,MS Kasprowicz
GE Bradburn (NZ),12.3756742,GE Bradburn
SM Warnapura (SL),12.327078,SM Warnapura
MW Douglas (NZ),12.2855502,MW Douglas
MR Gillespie (NZ),12.244348,MR Gillespie
AR Whittall (ZIM),12.2265582,AR Whittall
Kamran Hussain (PAK),12.21705006,Kamran Hussain
WR James (ZIM),12.1694042,WR James
Hasan Jamil (PAK),12.1562502,Hasan Jamil
LHD Dilhara (SL),12.1459402,LHD Dilhara
Shafiq Ahmed (PAK),12.1398382,Shafiq Ahmed
BR Blair (NZ),12.0895762,BR Blair
R Telemachus (SA),12.0214662,R Telemachus
JA Jameson (ENG),12.002376,JA Jameson
D Bishoo (WI),11.984286,D Bishoo
Tauseef Ahmed (PAK),11.9235882,Tauseef Ahmed
BCJ Cutting (AUS),11.91668,BCJ Cutting
WM Lawry (AUS),11.89578,WM Lawry
RW Taylor (ENG),11.8434382,RW Taylor
LJ Koen (SA),11.8198562,LJ Koen
Imran Abbas (PAK),11.790324,Imran Abbas
Mohammad Hasnain (PAK),11.77884,Mohammad Hasnain
SJ Palframan (SA),11.7761102,SJ Palframan
Faheem Ashraf (PAK),11.738588,Faheem Ashraf
B Yardley (AUS),11.7141042,B Yardley
SK Sharma (INDIA),11.6936102,SK Sharma
Sajid Ali (PAK),11.665824,Sajid Ali
RAS Lakmal (SL),11.653158,RAS Lakmal
Adnan Akmal (PAK),11.6444,Adnan Akmal
JA Rennie (ZIM),11.6436602,JA Rennie
JT Ball (ENG),11.60559,JT Ball
Yasir Arafat (PAK),11.604526,Yasir Arafat
KED Carroll (IRE),11.5841722,KED Carroll
JV Paranjpe (INDIA),11.543672,JV Paranjpe
S Badrinath (INDIA),11.508704,S Badrinath
HR Walsh (USA/WI),11.490224,HR Walsh
CP Senanayake (SL),11.4610782,CP Senanayake
KDK Vithanage (SL),11.446264,KDK Vithanage
BJ Diamanti (NZ),11.42626986,BJ Diamanti
BJ McKechnie (NZ),11.403842,BJ McKechnie
CR Matthews (SA),11.347018,CR Matthews
R Vinay Kumar (INDIA),11.34483,R Vinay Kumar
JK Lever (ENG),11.332722,JK Lever
TG Hogan (AUS),11.3285842,TG Hogan
DH Brain (ZIM),11.261556,DH Brain
Mohammed Shami (INDIA),11.225844,Mohammed Shami
WK Lees (NZ),11.2003362,WK Lees
ST Banerjee (INDIA),11.198778,ST Banerjee
CPH Ramanayake (SL),11.1744722,CPH Ramanayake
GA Paterson (ZIM),11.1632082,GA Paterson
Sayed Shirzad (AFG),11.1192002,Sayed Shirzad
BD Julien (WI),11.0940762,BD Julien
CA Pujara (INDIA),11.053474,CA Pujara
MLC Foster (WI),11.0338162,MLC Foster
JH Hampshire (ENG),10.994748,JH Hampshire
S Venkataraghavan (INDIA),10.96074,S Venkataraghavan
DS Kulkarni (INDIA),10.94186186,DS Kulkarni
Junaid Khan (PAK),10.915402,Junaid Khan
NG Jones (IRE),10.8509522,NG Jones
RW Sims (ZIM),10.8021682,RW Sims
MH Richardson (NZ),10.7619922,MH Richardson
TR Gripper (ZIM),10.7606342,TR Gripper
RGD Willis (ENG),10.739792,RGD Willis
Akhtar Sarfraz (PAK),10.7121882,Akhtar Sarfraz
C Jonker (SA),10.7062042,C Jonker
NA Foster (ENG),10.676652,NA Foster
KW Richardson (AUS),10.6349,KW Richardson
DJ Malan (ENG),10.6324,DJ Malan
IG Butler (NZ),10.631782,IG Butler
N Pothas (SA),10.630424,N Pothas
TA Boult (NZ),10.618398,TA Boult
A Nehra (Asia/INDIA),10.615736,A Nehra
MR Benson (ENG),10.585496,MR Benson
VC Drakes (WI),10.5832122,VC Drakes
DL Bairstow (ENG),10.5692482,DL Bairstow
RJ Sidebottom (ENG),10.5672,RJ Sidebottom
JDF Vandersay (SL),10.487402,JDF Vandersay
RJ Blakey (ENG),10.4636,RJ Blakey
PWE Rawson (ZIM),10.4504922,PWE Rawson
RM Hogg (AUS),10.4461102,RM Hogg
D Ranatunga (SL),10.4458382,D Ranatunga
AC Dawson (SA),10.4405442,AC Dawson
Azmat Rana (PAK),10.4372842,Azmat Rana
TL Best (WI),10.42889,TL Best
EO Simons (SA),10.4251002,EO Simons
J Louw (SA),10.4142162,J Louw
A Mithun (INDIA),10.390776,A Mithun
RM Ellison (ENG),10.368744,RM Ellison
N Madziva (ZIM),10.3623482,N Madziva
SN Thakur (INDIA),10.349416,SN Thakur
TL Chatara (ZIM),10.3374602,TL Chatara
D Dasgupta (INDIA),10.3299622,D Dasgupta
Hasti Gul (AFG),10.29815806,Hasti Gul
IT Shillingford (WI),10.2886122,IT Shillingford
CRD Fernando (Asia/SL),10.270316,CRD Fernando
SP Pasqual (SL),10.2321282,SP Pasqual
KHRK Fernando (SL),10.226426,KHRK Fernando
Taslim Arif (PAK),10.2250762,Taslim Arif
Golam Faruq (BDESH),10.2080002,Golam Faruq
RP Singh (INDIA),10.207156,RP Singh
AE Greenidge (WI),10.2071122,AE Greenidge
EJ Chatfield (NZ),10.1989142,EJ Chatfield
CP Tremain (AUS),10.159994,CP Tremain
MW Priest (NZ),10.0894362,MW Priest
S Elworthy (SA),10.0800602,S Elworthy
SB Doull (NZ),10.0655202,SB Doull
ELR Stewart (SA),10.0558742,ELR Stewart
RB Simpson (AUS),10.005836,RB Simpson
IR Redpath (AUS),9.9637202,IR Redpath
TK Canning (NZ),9.9631802,TK Canning
Shafiul Islam (BDESH),9.921224,Shafiul Islam
IS Sodhi (NZ),9.902566,IS Sodhi
S Viswanath (INDIA),9.8952422,S Viswanath
NW Bracken (AUS),9.872388,NW Bracken
TJ Murtagh (IRE),9.86995,TJ Murtagh
KJ Wright (AUS),9.8644682,KJ Wright
Mujahid Jamshed (PAK),9.8443602,Mujahid Jamshed
KJ Abbott (SA),9.7953062,KJ Abbott
BR Taylor (NZ),9.7569642,BR Taylor
Saiful Islam (BDESH),9.7562782,Saiful Islam
KF Semple (WI),9.6971062,KF Semple
PC Connell (IRE),9.6937922,PC Connell
NB Mahwire (ZIM),9.6732402,NB Mahwire
TL Seifert (NZ),9.6095362,TL Seifert
DK Morrison (NZ),9.582,DK Morrison
BAW Mendis (SL),9.569498,BAW Mendis
ER Fernando (SL),9.5359682,ER Fernando
BKV Prasad (INDIA),9.5102082,BKV Prasad
M Dillon (WI),9.501428,M Dillon
W Watson (NZ),9.4425782,W Watson
Saleem Altaf (PAK),9.4399882,Saleem Altaf
RJ Harris (AUS),9.389,RJ Harris
K Pierre (WI),9.3685882,K Pierre
A Zampa (AUS),9.360146,A Zampa
Arshad Khan (PAK),9.35756,Arshad Khan
SI Mahmood (ENG),9.243044,SI Mahmood
L Balaji (INDIA),9.228902,L Balaji
GD Lloyd (ENG),9.1830102,GD Lloyd
RG Petrie (NZ),9.0752142,RG Petrie
UNK Fernando (SL),8.992986056,UNK Fernando
Hasibul Hossain (BDESH),8.992274,Hasibul Hossain
S Shivnarine (WI),8.980394056,S Shivnarine
Kuldeep Yadav (INDIA),8.967516,Kuldeep Yadav
TV Mufambisi (ZIM),8.9486202,TV Mufambisi
Sohrawordi Shuvo (BDESH),8.9414822,Sohrawordi Shuvo
MG Hughes (AUS),8.938508,MG Hughes
Sharafuddin Ashraf (AFG),8.9344742,Sharafuddin Ashraf
BA Murphy (ZIM),8.8998642,BA Murphy
Shaheen Shah Afridi (PAK),8.894946,Shaheen Shah Afridi
PS de Villiers (SA),8.888162,PS de Villiers
TJ Franklin (NZ),8.8860242,TJ Franklin
SS Naik (INDIA),8.874904,SS Naik
L Ngidi (SA),8.84054,L Ngidi
KD Ghavri (INDIA),8.831788,KD Ghavri
JR Thomson (AUS),8.7881902,JR Thomson
HAG Anthony (WI),8.7810302,HAG Anthony
WB Rankin (ENG/IRE),8.775892,WB Rankin
Zulqarnain Haider (PAK),8.7544242,Zulqarnain Haider
PH Edmonds (ENG),8.733268,PH Edmonds
SJ Rixon (AUS),8.7205442,SJ Rixon
MJ Fourie (IRE),8.7193402,MJ Fourie
BG Hadlee (NZ),8.6865202,BG Hadlee
PB Dassanayake (SL),8.6799942,PB Dassanayake
B Mavuta (ZIM),8.6633142,B Mavuta
AJ Traicos (ZIM),8.6402842,AJ Traicos
Mustafizur Rahman (BDESH),8.63369,Mustafizur Rahman
Ashraf Ali (PAK),8.620688,Ashraf Ali
Khaliq Dad (AFG),8.6136722,Khaliq Dad
MHN Walker (AUS),8.59988,MHN Walker
AD Mullally (ENG),8.59512,AD Mullally
ST Clarke (WI),8.591902,ST Clarke
PVD Chameera (SL),8.586726,PVD Chameera
S Jeganathan (SL),8.5538262,S Jeganathan
AJ Tye (AUS),8.5459,AJ Tye
PWA Mulder (SA),8.5364822,PWA Mulder
RJ Bright (AUS),8.5272822,RJ Bright
MA Meman (ZIM),8.5200482,MA Meman
Sunzamul Islam (BDESH),8.498228,Sunzamul Islam
RGA Headley (WI),8.4768322,RGA Headley
SJ Harmison (ENG),8.468758,SJ Harmison
SG Peall (ZIM),8.4669882,SG Peall
WW Daniel (WI),8.4430102,WW Daniel
JO Troughton (ENG),8.440188,JO Troughton
EAR de Silva (SL),8.4176882,EAR de Silva
Sarandeep Singh (INDIA),8.4014862,Sarandeep Singh
Ehsanul Haque (BDESH),8.3938042,Ehsanul Haque
BV Vitori (ZIM),8.3593022,BV Vitori
DR Hadlee (NZ),8.32744,DR Hadlee
AM Phangiso (SA),8.3211222,AM Phangiso
RE Bryson (SA),8.2901602,RE Bryson
HAPW Jayawardene (SL),8.2853782,HAPW Jayawardene
UT Yadav (INDIA),8.26329,UT Yadav
CT Tremlett (ENG),8.235974,CT Tremlett
Jamaluddin Ahmed (BDESH),8.202810056,Jamaluddin Ahmed
RO Hinds (WI),8.1892742,RO Hinds
LH Ferguson (NZ),8.17643,LH Ferguson
CKB Kulasekara (SL),8.169554,CKB Kulasekara
Mohammad Salman (PAK),8.1665222,Mohammad Salman
Tanvir Ahmed (PAK),8.1458602,Tanvir Ahmed
Rashid Khan (PAK),8.109214,Rashid Khan
GG Arnold (ENG),8.09365,GG Arnold
RWT Key (ENG),8.08621,RWT Key
Atiq-uz-Zaman (PAK),8.0744462,Atiq-uz-Zaman
SR Gillespie (NZ),8.0672062,SR Gillespie
Saleem Pervez (PAK),8.0627802,Saleem Pervez
HMRKB Herath (SL),8.060544,HMRKB Herath
NC McGarrell (WI),8.0078362,NC McGarrell
BE Young (AUS),7.9980542,BE Young
Shapoor Zadran (AFG),7.995686,Shapoor Zadran
Rubel Hossain (BDESH),7.989876,Rubel Hossain
YS Chahal (INDIA),7.963776191,YS Chahal
AR Kapoor (INDIA),7.9041322,AR Kapoor
Pervez Mir (PAK),7.9032982,Pervez Mir
BJ McCarthy (IRE),7.9012222,BJ McCarthy
EB McSweeney (NZ),7.8859942,EB McSweeney
V Razdan (INDIA),7.8705702,V Razdan
MP Jarvis (ZIM),7.869676,MP Jarvis
PP Ojha (INDIA),7.840406,PP Ojha
MC Henriques (AUS),7.830098,MC Henriques
DT Hondo (ZIM),7.8242342,DT Hondo
RD McCann (IRE),7.815712,RD McCann
Shahadat Hossain (BDESH),7.813128,Shahadat Hossain
BC Strang (ZIM),7.7660202,BC Strang
DS Mohanty (INDIA),7.765566,DS Mohanty
RD Woolley (AUS),7.7585502,RD Woolley
PA Horne (NZ),7.7493442,PA Horne
GC Small (ENG),7.743572,GC Small
KCG Benjamin (WI),7.7428962,KCG Benjamin
SS Cottrell (WI),7.741944,SS Cottrell
AP Igglesden (ENG),7.7168342,AP Igglesden
CAK Walton (WI),7.7063602,CAK Walton
ARM Opatha (SL),7.6592742,ARM Opatha
DI Joyce (IRE),7.6585222,DI Joyce
TG Shaw (SA),7.652724,TG Shaw
PJ Wiseman (NZ),7.6414782,PJ Wiseman
RSA Jayasekera (SL),7.6331362,RSA Jayasekera
LL Tsotsobe (SA),7.626346,LL Tsotsobe
XJ Doherty (AUS),7.603576,XJ Doherty
Gazi Ashraf (BDESH),7.5989682,Gazi Ashraf
Zafar Iqbal (PAK),7.5774382,Zafar Iqbal
J Nyumbu (ZIM),7.5534242,J Nyumbu
JG Heron (ZIM),7.5521322,JG Heron
SC Getkate (IRE),7.5179602,SC Getkate
KOK Williams (WI),7.5116562,KOK Williams
KA Maharaj (SA),7.49732,KA Maharaj
SR Clark (AUS),7.49698,SR Clark
Naeem Ashraf (PAK),7.4711082,Naeem Ashraf
J Lewis (ENG),7.460074,J Lewis
BW Hilfenhaus (AUS),7.454688,BW Hilfenhaus
BGK Walker (NZ),7.4519742,BGK Walker
Aftab Alam (AFG),7.446222,Aftab Alam
BL D'Oliveira (ENG),7.4266682,BL D'Oliveira
S Abrahams (SA),7.408810056,S Abrahams
CM Wells (ENG),7.4067602,CM Wells
RC Haynes (WI),7.4062122,RC Haynes
RAL Massie (AUS),7.401714056,RAL Massie
CE Cuffy (WI),7.398794,CE Cuffy
DL Underwood (ENG),7.3743782,DL Underwood
Faisal Hossain (BDESH),7.3259602,Faisal Hossain
AC Dale (AUS),7.3175902,AC Dale
Hamid Hassan (AFG),7.311352,Hamid Hassan
Mafizur Rahman (BDESH),7.3055502,Mafizur Rahman
GE Peckover (ZIM),7.2921482,GE Peckover
MM Patel (INDIA),7.25823,MM Patel
ADG Roberts (NZ),7.242128,ADG Roberts
GJ Batty (ENG),7.229072,GJ Batty
GK Robertson (NZ),7.2279962,GK Robertson
WP Saha (INDIA),7.22409,WP Saha
Sikander Bakht (PAK),7.1659702,Sikander Bakht
KJ O'Keeffe (AUS),7.1493402,KJ O'Keeffe
BS Sandhu (INDIA),7.0997162,BS Sandhu
GA Briant (ZIM),7.0893262,GA Briant
TBA May (AUS),7.0804602,TBA May
Azeem Hafeez (PAK),7.0729182,Azeem Hafeez
J Mulder (IRE),7.066874056,J Mulder
HM Goonatilleke (SL),7.0405622,HM Goonatilleke
GR Robertson (AUS),7.0325082,GR Robertson
JR Hammond (AUS),7.006542056,JR Hammond
RR Kulkarni (INDIA),6.9962482,RR Kulkarni
Arafat Sunny (BDESH),6.978986,Arafat Sunny
HSM Pieris (SL),6.9732542,HSM Pieris
Rumman Raees (PAK),6.9546102,Rumman Raees
VB John (SL),6.937494,VB John
AS Wassan (INDIA),6.910286,AS Wassan
GC Martin (ZIM),6.8920622,GC Martin
LS Pascoe (AUS),6.8800442,LS Pascoe
AP Wells (ENG),6.8705602,AP Wells
PW Jarvis (ENG),6.8669662,PW Jarvis
N M'shangwe (ZIM),6.8667822,N M'shangwe
MN Nawaz (SL),6.8451222,MN Nawaz
Irfan Fazil (PAK),6.8255602,Irfan Fazil
Zafar Gohar (PAK),6.8193602,Zafar Gohar
MN Hart (NZ),6.8011762,MN Hart
GE Kidd (IRE),6.7873602,GE Kidd
MF Malone (AUS),6.7847722,MF Malone
GD McGrath (AUS/ICC),6.773212,GD McGrath
SP Terry (IRE),6.761338,SP Terry
Syed Rasel (BDESH),6.745326,Syed Rasel
LWS Kaluperuma (SL),6.717586056,LWS Kaluperuma
AJ Penn (NZ),6.6998782,AJ Penn
BP Patterson (WI),6.6947182,BP Patterson
DJ White (NZ),6.6769422,DJ White
Zulfiqar Babar (PAK),6.6540102,Zulfiqar Babar
Mujeeb Ur Rahman (AFG),6.652956,Mujeeb Ur Rahman
EA Essop-Adam (ZIM),6.642450056,EA Essop-Adam
Ehsan Adil (PAK),6.636674,Ehsan Adil
SG Borthwick (ENG),6.5885,SG Borthwick
PW Gunaratne (SL),6.5650122,PW Gunaratne
JD Hall (IRE),6.5592942,JD Hall
FH Edwards (WI),6.53935,FH Edwards
KEA Upashantha (SL),6.5345862,KEA Upashantha
AB Dinda (INDIA),6.523154,AB Dinda
RK Illingworth (ENG),6.5111582,RK Illingworth
G Chapple (ENG),6.4986,G Chapple
SM Curran (ENG),6.497846,SM Curran
IS Gallage (SL),6.4771282,IS Gallage
G Dymock (AUS),6.4700762,G Dymock
DK Butler (WI),6.4694262,DK Butler
TCB Fernando (SL),6.4407802,TCB Fernando
TMK Mawoyo (ZIM),6.4139862,TMK Mawoyo
JN Maguire (AUS),6.3640802,JN Maguire
GE Vivian (NZ),6.3515882,GE Vivian
CEB Rice (SA),6.3426762,CEB Rice
AR Butcher (ENG),6.340472,AR Butcher
WP Masakadza (ZIM),6.328866,WP Masakadza
KR Pushpakumara (SL),6.3273442,KR Pushpakumara
Rafiqul Alam (BDESH),6.2779322,Rafiqul Alam
CD Collymore (WI),6.2176162,CD Collymore
PH Sharma (INDIA),6.2104842,PH Sharma
KSC de Silva (SL),6.1944722,KSC de Silva
I Sharma (INDIA),6.172728,I Sharma
Taskin Ahmed (BDESH),6.160098,Taskin Ahmed
A Mishra (INDIA),6.159698,A Mishra
MA Wood (ENG),6.153354,MA Wood
Manjural Islam (BDESH),6.1494962,Manjural Islam
AA Donald (SA),6.134492,AA Donald
Mohammad Sharif (BDESH),6.125418,Mohammad Sharif
JS Foster (ENG),6.117864,JS Foster
JR Hazlewood (AUS),6.092916191,JR Hazlewood
SL Stewart (NZ),6.0682082,SL Stewart
Rizwan-uz-Zaman (PAK),6.0516982,Rizwan-uz-Zaman
RD Jackman (ENG),6.038248,RD Jackman
JL Pattinson (AUS),6.03235,JL Pattinson
IA Nicolson (ZIM),6.0197642,IA Nicolson
Mohammad Irfan (PAK),6.007168,Mohammad Irfan
MD Bates (NZ),6.0043602,MD Bates
Asif Mahmood (PAK),6.0017962,Asif Mahmood
CK Langeveldt (SA),5.999592,CK Langeveldt
BA Williams (AUS),5.982602,BA Williams
MW Pringle (SA),5.9766982,MW Pringle
GK Bose (INDIA),5.9581362,GK Bose
RL Hayes (NZ),5.9419602,RL Hayes
RR Emrit (WI),5.9339722,RR Emrit
Wasim Haider (PAK),5.933212,Wasim Haider
RMS Eranga (SL),5.924132,RMS Eranga
BW Luckhurst (ENG),5.9082442,BW Luckhurst
MJ Mason (NZ),5.9055242,MJ Mason
PP Chawla (INDIA),5.888172,PP Chawla
Tareq Aziz (BDESH),5.8695982,Tareq Aziz
RD King (WI),5.8683922,RD King
DA Stirling (NZ),5.8300322,DA Stirling
LR Shukla (INDIA),5.819284,LR Shukla
MS Panesar (ENG),5.813346,MS Panesar
RJ McCurdy (AUS),5.8064362,RJ McCurdy
PKD Chase (IRE),5.7961602,PKD Chase
Zakir Khan (PAK),5.7951902,Zakir Khan
DL Chahar (INDIA),5.721248,DL Chahar
RGCE Wijesuriya (SL),5.7076602,RGCE Wijesuriya
BS Bedi (INDIA),5.686014,BS Bedi
SL Boock (NZ),5.6614762,SL Boock
RW Anderson (NZ),5.6482842,RW Anderson
SD Anurasiri (SL),5.6455762,SD Anurasiri
RR Beaton (WI),5.6442882,RR Beaton
Sheikh Salahuddin (BDESH),5.6333722,Sheikh Salahuddin
Iqbal Qasim (PAK),5.5805242,Iqbal Qasim
EJ Richardson (IRE),5.5659882,EJ Richardson
Javed Qadeer (PAK),5.5169962,Javed Qadeer
ED Solkar (INDIA),5.5160962,ED Solkar
SC Kuggeleijn (NZ),5.515889856,SC Kuggeleijn
TJ Jenner (AUS),5.5136602,TJ Jenner
TP Kamungozi (ZIM),5.5064122,TP Kamungozi
GK Bruk-Jackson (ZIM),5.5043482,GK Bruk-Jackson
ST Gabriel (WI),5.495886,ST Gabriel
Saleem Jaffar (PAK),5.4850582,Saleem Jaffar
BS Chandrasekhar (INDIA),5.447774056,BS Chandrasekhar
PA Emery (AUS),5.436574056,PA Emery
SW Tait (AUS),5.43196,SW Tait
PS Vaidya (INDIA),5.3997602,PS Vaidya
Nurul Abedin (BDESH),5.3942262,Nurul Abedin
Raqibul Hasan (BDESH),5.38422,Raqibul Hasan
ML Su'a (NZ),5.3572502,ML Su'a
SD Udal (ENG),5.306936,SD Udal
PJK Mooney (IRE),5.2408242,PJK Mooney
Mohsin Kamal (PAK),5.2290602,Mohsin Kamal
JP Behrendorff (AUS),5.220728,JP Behrendorff
Nasir Ahmed (BDESH),5.2148662,Nasir Ahmed
LJ Woodcock (NZ),5.2058642,LJ Woodcock
PA Hitchcock (NZ),5.2013282,PA Hitchcock
MM Sharma (INDIA),5.190918,MM Sharma
Noor-ul-Haq (AFG),5.1742042,Noor-ul-Haq
CEW Silverwood (ENG),5.13655,CEW Silverwood
Ahmed Kamal (BDESH),5.0964722,Ahmed Kamal
O Henry (SA),5.0964622,O Henry
Ata-ur-Rehman (PAK),5.0885142,Ata-ur-Rehman
B Geeves (AUS),5.082645856,B Geeves
NGRP Jayasuriya (SL),5.0823482,NGRP Jayasuriya
FJ Titmus (ENG),5.0776562,FJ Titmus
JA Maclean (AUS),5.0768242,JA Maclean
M Mbangwa (ZIM),5.0742482,M Mbangwa
GD Watson (AUS),5.0696602,GD Watson
RAP Nissanka (SL),5.0645442,RAP Nissanka
SV Bahutule (INDIA),5.0210302,SV Bahutule
ID Austin (ENG),5.0052242,ID Austin
HR Bryan (WI),4.9841802,HR Bryan
Shafiuddin Ahmed (BDESH),4.9754742,Shafiuddin Ahmed
LS Baker (WI),4.9628262,LS Baker
WW Davis (WI),4.953514,WW Davis
Sajjad Ahmed (BDESH),4.9397402,Sajjad Ahmed
Asad Ali (PAK),4.9396602,Asad Ali
CB Mpofu (ZIM),4.9342422,CB Mpofu
HJ Howarth (NZ),4.9337942,HJ Howarth
EMDY Munaweera (SL),4.932176,EMDY Munaweera
Zulqarnain (PAK),4.9217102,Zulqarnain
S Sreesanth (INDIA),4.897138,S Sreesanth
DM Smith (ENG),4.8905,DM Smith
AH Gray (WI),4.890034,AH Gray
BA Reid (AUS),4.889546,BA Reid
DW Headley (ENG),4.886612,DW Headley
IC Davis (AUS),4.8813842,IC Davis
CA Young (IRE),4.8759102,CA Young
AM de Silva (SL),4.8588602,AM de Silva
PM Siddle (AUS),4.8331,PM Siddle
EC Rainsford (ZIM),4.8275922,EC Rainsford
Maninder Singh (INDIA),4.797202,Maninder Singh
PH Carlson (AUS),4.7813882,PH Carlson
HD Rutherford (NZ),4.7776342,HD Rutherford
Shariful Haque (BDESH),4.7583882,Shariful Haque
DT Mutendera (ZIM),4.7484682,DT Mutendera
Shahid Nazir (PAK),4.7321642,Shahid Nazir
MDJ Walker (NZ),4.731528,MDJ Walker
JJ Bumrah (INDIA),4.727504,JJ Bumrah
PN Webb (NZ),4.7156062,PN Webb
OP Stone (ENG),4.710281856,OP Stone
DLS de Silva (SL),4.6853162,DLS de Silva
AV Kale (INDIA),4.64456,AV Kale
PT Collins (WI),4.6230362,PT Collins
Intikhab Alam (PAK),4.5967762,Intikhab Alam
V Permaul (WI),4.5925022,V Permaul
Mansoor Rana (PAK),4.5775602,Mansoor Rana
LA Dawson (ENG),4.55708,LA Dawson
MR Whitney (AUS),4.549324,MR Whitney
PHKD Mendis (SL),4.5208442,PHKD Mendis
Aizaz Cheema (PAK),4.504838,Aizaz Cheema
Aamer Nazir (PAK),4.4925942,Aamer Nazir
RL Johnson (ENG),4.491036,RL Johnson
R Dhawan (INDIA),4.3996002,R Dhawan
AG Wharf (ENG),4.38488,AG Wharf
W Jaffer (INDIA),4.382376,W Jaffer
RJ Kennedy (NZ),4.3287742,RJ Kennedy
S Dube (INDIA),4.3119,S Dube
NA David (INDIA),4.297686056,NA David
D Brown (WI),4.2975602,D Brown
AK Zesers (AUS),4.287722056,AK Zesers
A Shahzad (ENG),4.2781,A Shahzad
RO Collinge (NZ),4.275686,RO Collinge
B Reddy (INDIA),4.262625856,B Reddy
R Ngarava (ZIM),4.2531482,R Ngarava
P Lever (ENG),4.2410902,P Lever
KN Amalean (SL),4.2307122,KN Amalean
Mohammad Salim (BDESH),4.2299602,Mohammad Salim
MJ Haslam (NZ),4.2287602,MJ Haslam
Karim Janat (AFG),4.2217762,Karim Janat
Faisal Athar (PAK),4.2189042,Faisal Athar
BN French (ENG),4.1999242,BN French
Shubman Gill (INDIA),4.1941,Shubman Gill
S Somasunder (INDIA),4.1812722,S Somasunder
TS Nethula (NZ),4.168172,TS Nethula
MAWR Madurasinghe (SL),4.137396,MAWR Madurasinghe
J Blackwood (WI),4.1017162,J Blackwood
CEH Croft (WI),4.094938,CEH Croft
EE Hemmings (ENG),4.034494,EE Hemmings
JB Little (IRE),4.0308602,JB Little
F Kasteni (ZIM),4.0224402,F Kasteni
RA Woolmer (ENG),4.00977,RA Woolmer
Naveen-ul-Haq (AFG),3.96808,Naveen-ul-Haq
DR Gilbert (AUS),3.9656542,DR Gilbert
B Arun (INDIA),3.951296,B Arun
N Pradeep (SL),3.948288,N Pradeep
MVT Fernando (SL),3.945294,MVT Fernando
CG Rackemann (AUS),3.942056,CG Rackemann
TM Alderman (AUS),3.914806,TM Alderman
SA Ankola (INDIA),3.908994,SA Ankola
PL Mhambrey (INDIA),3.908486056,PL Mhambrey
JC Gamage (SL),3.905790056,JC Gamage
JJC Lawson (WI),3.9000102,JJC Lawson
TL Fernando (SL),3.8815242,TL Fernando
CJ Drum (NZ),3.872306056,CJ Drum
KCB Jeremy (WI),3.8710862,KCB Jeremy
P Dharmani (INDIA),3.8548602,P Dharmani
Jahangir Shah (BDESH),3.8423002,Jahangir Shah
J Cameron-Dow (IRE),3.841286056,J Cameron-Dow
BS Browne (WI),3.8352902,BS Browne
SLV Raju (INDIA),3.8316182,SLV Raju
Jahangir Alam Talukdar (BDESH),3.831486056,Jahangir Alam Talukdar
Gurkeerat Singh (INDIA),3.829834,Gurkeerat Singh
DS Steele (ENG),3.8281882,DS Steele
VRV Singh (INDIA),3.827224,VRV Singh
VR Hogg (ZIM),3.825958056,VR Hogg
RA Austin (WI),3.8240842,RA Austin
R Dhanraj (WI),3.8232602,R Dhanraj
DM Vonhagt (SL),3.8125002,DM Vonhagt
A Nortje (SA),3.8104122,A Nortje
SB O'Connor (NZ),3.8095702,SB O'Connor
M Pushpakumara (SL),3.801897856,M Pushpakumara
Hafizur Rahman (BDESH),3.8015242,Hafizur Rahman
Mosharraf Hossain (BDESH),3.788028,Mosharraf Hossain
HS Williams (SA),3.7745362,HS Williams
Amir Hamza (AFG),3.7714542,Amir Hamza
T Kumaran (INDIA),3.7660262,T Kumaran
Mohammad Akram (PAK),3.758586,Mohammad Akram
Usman Salahuddin (PAK),3.7534962,Usman Salahuddin
Nadeem Ghauri (PAK),3.7457262,Nadeem Ghauri
AJ Ireland (ZIM),3.7422202,AJ Ireland
AA Mallett (AUS),3.7281302,AA Mallett
Arshad Pervez (PAK),3.6960802,Arshad Pervez
PM Pushpakumara (SL),3.68834,PM Pushpakumara
Haafiz Shahid (PAK),3.6417822,Haafiz Shahid
JJ Krejza (AUS),3.638016,JJ Krejza
KIW Wijegunawardene (SL),3.6327682,KIW Wijegunawardene
AMN Munasinghe (SL),3.6251462,AMN Munasinghe
A van der Merwe (IRE),3.6153102,A van der Merwe
RL Sanghvi (INDIA),3.5822362,RL Sanghvi
SF Graf (AUS),3.5810102,SF Graf
SS Raul (INDIA),3.5809722,SS Raul
CE Bulfin (NZ),3.5756602,CE Bulfin
Mohammad Zahid (PAK),3.573794,Mohammad Zahid
HT Davis (NZ),3.5486722,HT Davis
PJW Allott (ENG),3.5465,PJW Allott
CBRLS Kumara (SL),3.5251982,CBRLS Kumara
DJ Worrall (AUS),3.520586056,DJ Worrall
A Kuruvilla (INDIA),3.50885,A Kuruvilla
LS Rajput (INDIA),3.4961342,LS Rajput
GN de Silva (SL),3.4912602,GN de Silva
GI Allott (NZ),3.4804702,GI Allott
CE Eksteen (SA),3.457986056,CE Eksteen
Nazmul Hossain (BDESH),3.455926,Nazmul Hossain
RJ Webb (NZ),3.448586056,RJ Webb
DSK Madushanka (SL),3.4430882,DSK Madushanka
GA Manou (AUS),3.442228,GA Manou
PJ Martin (ENG),3.4329982,PJ Martin
PCR Tufnell (ENG),3.432104,PCR Tufnell
Fazl-e-Akbar (PAK),3.4197602,Fazl-e-Akbar
JC Archer (ENG),3.405522,JC Archer
Sohail Khan (PAK),3.387008,Sohail Khan
RA Reifer (WI),3.3852242,RA Reifer
K Shuttleworth (ENG),3.3792322,K Shuttleworth
MJ Hoggard (ENG),3.377728,MJ Hoggard
JK Moss (AUS),3.3735602,JK Moss
Liaqat Ali (PAK),3.364964,Liaqat Ali
Nazmul Islam (BDESH),3.364772,Nazmul Islam
Najmul Hossain Shanto (BDESH),3.3609502,Najmul Hossain Shanto
GA Bishop (AUS),3.3538922,GA Bishop
Danish Kaneria (PAK),3.344232,Danish Kaneria
G Sharma (INDIA),3.3279242,G Sharma
Saad Ali (PAK),3.3183162,Saad Ali
SMS Kaluperuma (SL),3.3127162,SMS Kaluperuma
SP Davis (AUS),3.3002662,SP Davis
HF Gurney (ENG),3.29091,HF Gurney
LD Madushanka (SL),3.2742042,LD Madushanka
Abul Hasan (BDESH),3.270538,Abul Hasan
H Davids (SA),3.2594242,H Davids
MKDI Amerasinghe (SL),3.229653856,MKDI Amerasinghe
RJW Topley (ENG),3.22105,RJW Topley
B Muzarabani (ZIM),3.2194362,B Muzarabani
WCA Ganegama (SL),3.199016,WCA Ganegama
Mohammad Asif (Asia/PAK),3.176934,Mohammad Asif
AJ Tudor (ENG),3.153748,AJ Tudor
RS Higgins (ZIM),3.1470502,RS Higgins
WA Wisneski (NZ),3.1463162,WA Wisneski
GP Sulzberger (NZ),3.1363602,GP Sulzberger
T Yohannan (INDIA),3.108490056,T Yohannan
RP de Groen (NZ),3.0787542,RP de Groen
VR Aaron (INDIA),3.06623,VR Aaron
R Shepherd (WI),3.049076391,R Shepherd
O Thomas (WI),3.021686,O Thomas
SO Dowrich (WI),2.9846602,SO Dowrich
MT Chinouya (ZIM),2.9736602,MT Chinouya
Bhupinder Singh snr (INDIA),2.96472,Bhupinder Singh snr
P Krishnamurthy (INDIA),2.9615802,P Krishnamurthy
PADLR Sandakan (SL),2.96028,PADLR Sandakan
Rahat Ali (PAK),2.944818,Rahat Ali
GRA de Silva (SL),2.9407262,GRA de Silva
Asif Masood (PAK),2.9377502,Asif Masood
GW Humpage (ENG),2.922964,GW Humpage
TE Srinivasan (INDIA),2.9085162,TE Srinivasan
Kabir Khan (PAK),2.90415,Kabir Khan
Zahid Razzak (BDESH),2.8979462,Zahid Razzak
SD Jack (SA),2.8971602,SD Jack
MG Neser (AUS),2.8866602,MG Neser
Izatullah Dawlatzai (AFG),2.8548596,Izatullah Dawlatzai
Ijaz Ahmed jnr (PAK),2.819086056,Ijaz Ahmed jnr
TR Ambrose (ENG),2.770378,TR Ambrose
MJ Bennett (AUS),2.7693902,MJ Bennett
AP Grayson (ENG),2.76812,AP Grayson
DB Rundle (SA),2.7676922,DB Rundle
AK Patel (INDIA),2.7676922,AK Patel
RO Hurley (WI),2.7663062,RO Hurley
J Theron (SA/USA),2.7585242,J Theron
CJ Dala (SA),2.7516242,CJ Dala
ACI Lock (ZIM),2.7315262,ACI Lock
MA Lynch (ENG),2.7308982,MA Lynch
Usman Shinwari (PAK),2.719868,Usman Shinwari
ML Lewis (AUS),2.691925856,ML Lewis
NM Kulkarni (INDIA),2.6894,NM Kulkarni
GC Tonge (WI),2.6794,GC Tonge
A Martin (WI),2.6576442,A Martin
IDK Salisbury (ENG),2.654664,IDK Salisbury
KG Duers (ZIM),2.646,KG Duers
JA Snow (ENG),2.64231,JA Snow
EZ Matambanadzo (ZIM),2.6090522,EZ Matambanadzo
DJ Terbrugge (SA),2.6086282,DJ Terbrugge
Naumanullah (PAK),2.5995602,Naumanullah
KK Ahmed (INDIA),2.582452,KK Ahmed
ML Cummins (WI),2.5692182,ML Cummins
T Muzarabani (ZIM),2.5525102,T Muzarabani
Sajjad Akbar (PAK),2.5440002,Sajjad Akbar
RT Crandon (WI),2.5440002,RT Crandon
Jubair Hossain (BDESH),2.5440002,Jubair Hossain
Mansoor Amjad (PAK),2.5395602,Mansoor Amjad
Maqsood Rana (PAK),2.5303282,Maqsood Rana
Najeeb Tarakai (AFG),2.5217762,Najeeb Tarakai
VB van Jaarsveld (SA),2.5168602,VB van Jaarsveld
AG Huckle (ZIM),2.4864102,AG Huckle
DR Doshi (INDIA),2.4739102,DR Doshi
MJ North (AUS),2.444756,MJ North
HK Bennett (NZ),2.436156,HK Bennett
JW Dernbach (ENG),2.4345,JW Dernbach
AG Hurst (AUS),2.432908056,AG Hurst
Fahim Muntasir (BDESH),2.4239922,Fahim Muntasir
Jalal-ud-Din (PAK),2.3984602,Jalal-ud-Din
Enamul Haque jnr (BDESH),2.35962,Enamul Haque jnr
RK Whelan (IRE),2.3517882,RK Whelan
Gholam Nousher (BDESH),2.3422262,Gholam Nousher
MC Mendis (SL),2.332886056,MC Mendis
AJ McKay (NZ),2.330524,AJ McKay
Pankaj Singh (INDIA),2.326025856,Pankaj Singh
IE O'Brien (NZ),2.287602056,IE O'Brien
Neeyamur Rashid (BDESH),2.2741,Neeyamur Rashid
MKGCP Lakshitha (SL),2.268564,MKGCP Lakshitha
U Ranchod (ZIM),2.252886056,U Ranchod
MA Aponso (SL),2.2325222,MA Aponso
CEL Stuart (WI),2.231342056,CEL Stuart
Zakiullah Zaki (AFG),2.223790056,Zakiullah Zaki
GS Trimble (AUS),2.1864602,GS Trimble
PS Eaglestone (IRE),2.1699242,PS Eaglestone
DE Malcolm (ENG),2.148498,DE Malcolm
PI Pocock (ENG),2.117152,PI Pocock
D Ganesh (INDIA),2.1144602,D Ganesh
Gursharan Singh (INDIA),2.1064602,Gursharan Singh
Talha Jubair (BDESH),2.0979242,Talha Jubair
R Sudhakar Rao (INDIA),2.0973162,R Sudhakar Rao
PJR Steyn (SA),2.0973162,PJR Steyn
SD Heazlett (AUS),2.0923482,SD Heazlett
GK Pandey (INDIA),2.0911482,GK Pandey
PJ Franks (ENG),2.089216,PJ Franks
SM Boland (AUS),2.05997,SM Boland
GD Campbell (AUS),2.056456,GD Campbell
M Hayward (SA),2.0512902,M Hayward
ND Hirwani (INDIA),2.0467742,ND Hirwani
NG Cowans (ENG),2.045576,NG Cowans
R Illingworth (ENG),2.0381762,R Illingworth
Fawad Ahmed (AUS),1.999725856,Fawad Ahmed
Samiur Rahman (BDESH),1.9959722,Samiur Rahman
Mohammad Nazir (PAK),1.965620056,Mohammad Nazir
AM Salvi (INDIA),1.94669,AM Salvi
LN Roche (ZIM),1.9448602,LN Roche
MI Black (WI),1.9357162,MI Black
SL Watkin (ENG),1.9267722,SL Watkin
LJ Hamilton (NZ),1.919686056,LJ Hamilton
SP Mukherjee (INDIA),1.896986056,SP Mukherjee
Kashif Raza (PAK),1.896986056,Kashif Raza
JP Agnew (ENG),1.893453856,JP Agnew
DJ Cullen (AUS),1.873453856,DJ Cullen
MR Pydanna (WI),1.870314056,MR Pydanna
MS Tshabalala (SA),1.870314056,MS Tshabalala
IW Callen (AUS),1.85002,IW Callen
Morshed Ali Khan (BDESH),1.845786056,Morshed Ali Khan
U Chatterjee (INDIA),1.8309,U Chatterjee
PDRL Perera (SL),1.827672,PDRL Perera
BE Hendricks (SA),1.825786056,BE Hendricks
PLS Gamage (SL),1.8152082,PLS Gamage
M Zondeki (Afr/SA),1.8122236,M Zondeki
SA Abbott (AUS),1.68878,SA Abbott
Mahbubur Rahman (BDESH),1.6793602,Mahbubur Rahman
GD Porter (AUS),1.6760242,GD Porter
CJPG van Zyl (SA),1.6748762,CJPG van Zyl
DJ Murray (NZ),1.6634722,DJ Murray
Mazharul Haque (BDESH),1.6626882,Mazharul Haque
Zahid Ahmed (PAK),1.6603162,Zahid Ahmed
RE Redmond (NZ),1.6599762,RE Redmond
RT Hart (NZ),1.6576322,RT Hart
Yamin Ahmadzai (AFG),1.654824,Yamin Ahmadzai
Abdullah Mazari (AFG),1.6531602,Abdullah Mazari
RPAH Wickramaratne (SL),1.6524882,RPAH Wickramaratne
SV Nayak (INDIA),1.6507842,SV Nayak
R Sharma (INDIA),1.6477,R Sharma
Tanbir Hayder (BDESH),1.638,Tanbir Hayder
Harvinder Singh (INDIA),1.621206,Harvinder Singh
Shabbir Ahmed (PAK),1.594356,Shabbir Ahmed
CS Martin (NZ),1.5805762,CS Martin
KPJ Warnaweera (SL),1.545821456,KPJ Warnaweera
Jahangir Alam (BDESH),1.5151742,Jahangir Alam
GJ McCarter (IRE),1.501086056,GJ McCarter
KJ Silva (SL),1.501086056,KJ Silva
PV Mpitsang (SA),1.501086056,PV Mpitsang
GA Cope (ENG),1.501086056,GA Cope
CT Mumba (ZIM),1.500028391,CT Mumba
J Yadav (INDIA),1.496225856,J Yadav
NS Yadav (INDIA),1.488786056,NS Yadav
UWMBCA Welegedara (SL),1.4884154,UWMBCA Welegedara
Fareed Ahmad (AFG),1.485914056,Fareed Ahmad
Aminul Islam jnr (BDESH),1.473590152,Aminul Islam jnr
S Tyagi (INDIA),1.462225856,S Tyagi
SJ Roberts (NZ),1.461086056,SJ Roberts
M Hendrick (ENG),1.458506,M Hendrick
LB Taylor (ENG),1.453553856,LB Taylor
Iqbal Sikander (PAK),1.447750056,Iqbal Sikander
KMC Bandara (SL),1.436550056,KMC Bandara
B Laughlin (AUS),1.433113856,B Laughlin
Subashis Roy (BDESH),1.427113856,Subashis Roy
Al-Amin Hossain (BDESH),1.42545,Al-Amin Hossain
L Sivaramakrishnan (INDIA),1.4177742,L Sivaramakrishnan
D Gamage (SL),1.3817,D Gamage
JWHD Boteju (SL),1.3379762,JWHD Boteju
Masood Iqbal (PAK),1.3042602,Masood Iqbal
ACL Richards (WI),1.2930602,ACL Richards
B Stanlake (AUS),1.28941,B Stanlake
BR Dorey (AUS),1.2874,BR Dorey
Nadeem Khan (PAK),1.2775882,Nadeem Khan
AP Weerakkody (SL),1.2642602,AP Weerakkody
Junaid Zia (PAK),1.2557162,Junaid Zia
EA Moseley (WI),1.2493382,EA Moseley
PIC Thompson (WI),1.2471162,PIC Thompson
JNK Shannon (IRE),1.2442602,JNK Shannon
Ibrahim Zadran (AFG),1.2420362,Ibrahim Zadran
AGD Wickremasinghe (SL),1.2402602,AGD Wickremasinghe
AAW Gunawardena (SL),1.2402602,AAW Gunawardena
MD Wettimuny (SL),1.2388042,MD Wettimuny
DF Whatmore (AUS),1.234064,DF Whatmore
D Ramnarine (WI),1.2306368,D Ramnarine
WJ Edwards (AUS),1.2244842,WJ Edwards
Hussain Talat (PAK),1.2244842,Hussain Talat
Ahmed Shah (AFG),1.2222,Ahmed Shah
PD Heyn (SL),1.2055602,PD Heyn
P Wilson (AUS),1.1875042,P Wilson
Anisur Rahman (BDESH),1.1162042,Anisur Rahman
GJ Thompson (IRE),1.112416,GJ Thompson
M Venkataramana (INDIA),1.077690152,M Venkataramana
LR Gibbs (WI),1.077690152,LR Gibbs
N Ncube (ZIM),1.077690152,N Ncube
AW Mathieson (NZ),1.077690152,AW Mathieson
A Bhandari (INDIA),1.077690152,A Bhandari
Mohammad Khalil (PAK),1.066490152,Mohammad Khalil
BP Bracewell (NZ),1.025186056,BP Bracewell
Anwar Hossain Monir (BDESH),1.025186056,Anwar Hossain Monir
JP Millmow (NZ),1.025186056,JP Millmow
Robiul Islam (BDESH),1.025186056,Robiul Islam
Naeem Ahmed (PAK),1.025186056,Naeem Ahmed
Naseer Malik (PAK),1.025186056,Naseer Malik
D Mohammed (WI),1.013986056,D Mohammed
OC McCoy (WI),1.013986056,OC McCoy
AM Nayar (INDIA),1.013986056,AM Nayar
DR O'Sullivan (NZ),0.9623602,DR O'Sullivan
SCG MacGill (AUS),0.929064,SCG MacGill
PG Gillespie (IRE),0.9263842,PG Gillespie
JP Taylor (ENG),0.9101602,JP Taylor
JG Thomas (ENG),0.8900476,JG Thomas
CI Dunusinghe (SL),0.8791602,CI Dunusinghe
Elias Sunny (BDESH),0.860744,Elias Sunny
DP Nannes (AUS),0.8523,DP Nannes
G Onions (ENG),0.8523,G Onions
SP Jones (ENG),0.8471,SP Jones
SA Jayasinghe (SL),0.8258242,SA Jayasinghe
RS Ghai (INDIA),0.8258242,RS Ghai
B Yograj Singh (INDIA),0.822614,B Yograj Singh
HWR Cartwright (AUS),0.819252,HWR Cartwright
RJ Kirtley (ENG),0.816844,RJ Kirtley
SC Meaker (ENG),0.8163,SC Meaker
MC Cowdrey (ENG),0.8151602,MC Cowdrey
MTG Elliott (AUS),0.814428,MTG Elliott
Mahmood Hamid (PAK),0.8124882,Mahmood Hamid
AM Stuart (AUS),0.8105842,AM Stuart
RR Ramdass (WI),0.8080482,RR Ramdass
Abu Hider (BDESH),0.8064322,Abu Hider
NV Ojha (INDIA),0.799724,NV Ojha
Nasim-ul-Ghani (PAK),0.7979602,Nasim-ul-Ghani
JM Mennie (AUS),0.7332,JM Mennie
W Mwayenga (ZIM),0.7033322,W Mwayenga
Moniruzzaman (BDESH),0.7000602,Moniruzzaman
S Kaul (INDIA),0.699864,S Kaul
T Shamsi (SA),0.4746,T Shamsi
NV Radford (ENG),0.4572,NV Radford
CAK Rajitha (SL),0.4256602,CAK Rajitha
GJP Kruger (SA),0.3924602,GJP Kruger
AGR Loudon (ENG),0.362104096,AGR Loudon
J Angel (AUS),0.3124,J Angel
SM Harwood (AUS),0.2936,SM Harwood
N Phillip (WI),0.2904602,N Phillip
Raza Hasan (PAK),0.2904602,Raza Hasan
N Ranatunga (SL),0.2904602,N Ranatunga
Shakeel Khan (PAK),0.2904602,Shakeel Khan
Rafiqul Islam (BDESH),0.2904602,Rafiqul Islam
Tanvir Mehdi (PAK),0.2904602,Tanvir Mehdi
JE Benjamin (ENG),0.2904602,JE Benjamin
NT Pascal (WI),0.2904602,NT Pascal
NM Parker (NZ),0.2904602,NM Parker
MB Owens (NZ),0.2904602,MB Owens
MRCN Bandaratilleke (SL),0.2904602,MRCN Bandaratilleke
Mohammad Talha (PAK),0.2904602,Mohammad Talha
RG Hart (NZ),0.2904602,RG Hart
Zakir Hossain (BDESH),0.2904602,Zakir Hossain
AG Puttick (SA),0.2792602,AG Puttick
Najaf Shah (PAK),0.2792602,Najaf Shah
N Gifford (ENG),0.2792602,N Gifford
GS Sobers (WI),0.2764,GS Sobers
PHT Kaushal (SL),0.2736,PHT Kaushal
CM Willoughby (SA),0.2088,CM Willoughby
Harunur Rashid (BDESH),0.2068602,Harunur Rashid
Fazle Mahmud (BDESH),0.1956602,Fazle Mahmud
Shadab Kabir (PAK),0.1120602,Shadab Kabir
